Company,TypeName,Ram,Weight,TouchScreen,IPS,PPI,HDD,SSD,Price
Apple,Ultrabook,8,1.37,0,1,226.9830047,0,128,71378.6832
Apple,Ultrabook,8,1.34,0,0,127.6779401,0,0,47895.5232
HP,Notebook,8,1.86,0,0,141.2119981,0,256,30636.0
Apple,Ultrabook,16,1.83,0,1,220.5346239,0,512,135195.336
Apple,Ultrabook,8,1.37,0,1,226.9830047,0,256,96095.808
Acer,Notebook,4,2.1,0,0,100.4546699,500,0,21312.0
Apple,Ultrabook,16,2.04,0,1,220.5346239,0,0,114017.6016
Apple,Ultrabook,8,1.34,0,0,127.6779401,0,0,61735.536
Asus,Ultrabook,16,1.3,0,0,157.3505121,0,512,79653.6
Acer,Ultrabook,8,1.6,0,1,157.3505121,0,256,41025.6
HP,Notebook,4,1.86,0,0,100.4546699,500,0,20986.992
HP,Notebook,4,1.86,0,0,141.2119981,500,0,18381.0672
Apple,Ultrabook,16,1.83,0,1,220.5346239,0,256,130001.6016
Dell,Notebook,4,2.2,0,0,141.2119981,0,256,26581.392
Apple,Ultrabook,8,0.92,0,1,226.4155472,0,256,67260.672
Apple,Ultrabook,8,1.37,0,1,226.9830047,0,256,80908.344
Dell,Notebook,8,2.2,0,0,141.2119981,0,256,39693.6
Apple,Ultrabook,16,1.83,0,1,220.5346239,0,512,152274.24
Lenovo,Notebook,8,2.2,0,0,141.2119981,1000,0,26586.72
Dell,Ultrabook,8,1.22,1,1,165.6321181,0,128,52161.12
Asus,Netbook,2,0.98,0,0,135.0942112,0,0,10224.432
Lenovo,Gaming,8,2.5,0,1,141.2119981,1000,128,53226.72
HP,Notebook,4,1.86,0,0,100.4546699,500,0,13746.24
Dell,2 in 1 Convertible,8,1.62,1,0,165.6321181,0,256,43636.32
HP,Ultrabook,8,1.91,0,0,141.2119981,0,256,35111.52
Dell,Notebook,4,2.3,0,0,100.4546699,1000,0,22305.1392
Apple,Ultrabook,8,1.35,0,0,127.6779401,0,0,58554.72
Dell,Notebook,8,2.2,0,0,141.2119981,0,256,42624.0
Dell,Ultrabook,8,1.88,0,0,141.2119981,0,512,69157.44
HP,Notebook,8,2.5,0,0,127.3356746,1000,0,47738.88
Chuwi,Notebook,4,1.89,0,0,141.2119981,0,0,13053.0672
Asus,Notebook,2,1.65,0,0,111.9352036,0,0,10602.72
HP,Notebook,4,2.71,0,0,127.3356746,500,0,23389.92
Dell,Ultrabook,16,1.2,1,0,276.0535301,0,512,99580.32
Apple,Ultrabook,8,1.35,0,0,127.6779401,0,0,53173.44
Lenovo,Notebook,4,1.44,0,0,111.9352036,0,0,13266.72
Acer,Notebook,4,2.1,0,0,100.4546699,1000,0,19553.76
Dell,Notebook,8,2.8,0,1,127.3356746,1000,128,52161.12
HP,Notebook,4,1.86,0,0,100.4546699,1000,0,26037.4032
HP,Notebook,8,2.1,0,0,141.2119981,0,256,46833.12
Asus,Notebook,4,2.0,0,0,141.2119981,1000,0,20725.92
Dell,Gaming,16,2.65,0,1,141.2119981,1000,256,79866.72
Asus,Notebook,8,2.3,0,0,100.4546699,1000,0,27864.9072
Acer,Notebook,4,2.2,0,1,141.2119981,0,256,36336.96
Dell,2 in 1 Convertible,12,2.77,1,0,127.3356746,1000,0,53226.72
Apple,Ultrabook,8,1.37,0,1,226.9830047,0,256,75604.32
Lenovo,Notebook,4,2.2,0,0,100.4546699,0,128,19660.32
Asus,Gaming,8,3.2,0,0,127.3356746,1000,256,69210.72
Dell,Notebook,4,2.3,0,0,141.2119981,0,256,34045.92
Asus,Notebook,4,2.8,0,0,90.58340172,1000,0,24828.48
Lenovo,2 in 1 Convertible,4,0.69,1,1,224.1738091,0,0,16996.32
Acer,Notebook,8,2.2,0,1,141.2119981,0,256,44808.48
HP,Notebook,4,1.86,0,0,141.2119981,0,256,21231.5472
HP,Notebook,8,1.49,0,0,165.6321181,0,512,58767.84
Acer,Notebook,4,2.4,0,0,100.4546699,1000,0,20459.52
Dell,Notebook,8,2.13,0,0,141.2119981,0,256,40908.384
HP,Notebook,4,1.91,0,0,141.2119981,0,128,23389.92
Asus,Notebook,4,2.0,0,0,100.4546699,0,256,31232.2032
MSI,Gaming,16,2.43,0,0,127.3356746,2000,256,130482.72
Asus,Notebook,4,2.0,0,0,141.2119981,0,256,22111.2
Dell,Notebook,16,2.8,0,0,127.3356746,2000,256,69210.72
Dell,Ultrabook,8,1.7,0,0,157.3505121,0,256,46833.12
Lenovo,Notebook,8,1.7,0,1,157.3505121,0,256,31914.72
Asus,Notebook,8,1.4,0,0,157.3505121,0,256,50136.48
HP,Notebook,8,1.86,0,0,141.2119981,0,256,36763.2
Asus,Ultrabook,16,1.8,0,0,141.2119981,0,512,105654.24
HP,Notebook,4,1.86,0,0,100.4546699,500,0,23373.4032
HP,Notebook,4,1.44,0,0,111.9352036,0,32,12201.12
Lenovo,Notebook,4,1.9,0,0,141.2119981,1000,0,29250.72
Asus,Gaming,12,3.0,0,0,127.3356746,1000,0,50562.72
Microsoft,Ultrabook,4,1.252,1,0,200.8425599,0,128,58021.92
Dell,Ultrabook,8,1.4,0,1,165.6321181,0,256,50882.4
Dell,Notebook,8,2.2,0,0,141.2119981,0,256,46353.6
MSI,Gaming,8,2.7,0,0,127.3356746,1000,128,58341.6
Acer,Notebook,8,2.1,0,0,111.9352036,1000,0,20725.92
Asus,Gaming,8,2.2,0,0,141.2119981,1000,0,50562.72
Lenovo,Notebook,8,2.2,0,0,141.2119981,2000,0,27652.32
Dell,Notebook,8,2.02,0,0,141.2119981,1000,128,45554.4
Acer,Notebook,4,2.2,0,0,141.2119981,1000,0,28238.4
HP,Notebook,8,2.5,0,0,127.3356746,1000,128,52054.56
Dell,Ultrabook,8,1.88,0,1,141.2119981,0,256,58403.4048
Apple,Ultrabook,8,0.92,0,1,226.4155472,0,512,80452.8
HP,Notebook,8,1.63,0,0,157.3505121,0,256,45820.8
Lenovo,Notebook,4,2.2,0,0,141.2119981,0,128,21258.72
Acer,Notebook,4,2.1,0,0,100.4546699,1000,0,21045.6
Dell,Gaming,16,2.65,0,1,141.2119981,1000,128,71874.72
HP,Ultrabook,8,1.83,0,1,141.2119981,0,256,37242.72
HP,Notebook,8,1.96,0,0,141.2119981,0,256,31914.1872
Asus,Gaming,16,2.2,0,1,141.2119981,1000,128,77202.72
Dell,Ultrabook,8,1.21,0,1,165.6321181,0,256,87858.72
Asus,Gaming,8,2.45,0,0,141.2119981,1000,0,37242.72
Acer,Notebook,8,2.2,0,0,141.2119981,1000,0,36709.92
HP,Notebook,16,1.49,0,0,165.6321181,0,512,63776.16
Dell,Gaming,8,2.65,0,0,141.2119981,0,256,63669.6
Asus,Ultrabook,8,1.25,0,0,157.3505121,0,256,55890.72
Acer,2 in 1 Convertible,8,1.5,1,1,165.6321181,0,256,45128.16
Dell,Notebook,8,2.2,0,0,141.2119981,1000,0,31962.672
Dell,Notebook,4,2.2,0,0,141.2119981,0,256,25840.8
Asus,Notebook,6,2.0,0,0,141.2119981,0,256,30742.56
HP,Gaming,12,2.62,0,1,141.2119981,1000,128,66546.72
HP,Notebook,8,1.91,0,0,141.2119981,0,256,38308.32
HP,Notebook,4,2.1,0,0,141.2119981,500,0,18594.72
Dell,Notebook,8,2.2,0,0,141.2119981,1000,0,34472.16
HP,Ultrabook,8,1.38,0,1,165.6321181,0,256,59620.32
Microsoft,Ultrabook,8,1.252,1,0,200.8425599,0,256,71395.2
HP,Notebook,6,1.58,0,1,157.3505121,0,256,35111.52
Lenovo,Notebook,4,1.85,0,0,141.2119981,1000,0,22105.872
Asus,Ultrabook,8,1.3,0,1,157.3505121,0,256,63563.04
MSI,Gaming,16,2.2,0,0,141.2119981,1000,256,69210.72
Lenovo,Notebook,8,1.58,0,1,157.3505121,0,256,78854.4
Asus,Ultrabook,16,1.5,0,0,141.2119981,1000,256,67239.36
Dell,Ultrabook,8,1.23,1,0,276.0535301,0,256,73473.12
Lenovo,2 in 1 Convertible,8,1.37,1,1,165.6321181,0,256,74538.72
HP,Notebook,4,1.63,0,1,111.9352036,500,0,38468.16
Dell,Ultrabook,8,1.21,0,1,165.6321181,0,256,86793.12
HP,2 in 1 Convertible,8,1.26,1,1,165.6321181,0,256,74538.1872
HP,Notebook,8,1.63,0,0,157.3505121,0,512,57755.52
Dell,Notebook,8,2.16,0,1,141.2119981,1000,256,60223.9824
Asus,Notebook,4,2.0,0,0,127.3356746,1000,0,30049.92
Asus,Notebook,8,1.7,0,0,141.2119981,0,256,59567.04
Acer,Notebook,6,2.1,1,1,141.2119981,1000,0,25521.12
MSI,Gaming,16,1.8,0,0,141.2119981,2000,256,119427.12
Lenovo,Notebook,8,2.2,0,0,141.2119981,0,256,33513.12
HP,Notebook,16,2.5,0,0,127.3356746,0,512,67718.88
Acer,Notebook,4,2.1,0,0,100.4546699,0,256,24029.28
HP,Notebook,4,1.86,0,0,100.4546699,500,0,13799.52
HP,Notebook,8,1.63,0,0,157.3505121,1000,0,43263.36
Asus,Notebook,4,1.65,0,0,111.9352036,0,64,14811.3072
Dell,Notebook,16,2.8,0,0,127.3356746,2000,256,74378.88
HP,Notebook,8,2.5,0,0,127.3356746,0,256,49443.84
Dell,Notebook,8,2.36,0,0,100.4546699,1000,0,34045.3872
Dell,Notebook,4,2.2,0,0,141.2119981,1000,0,23922.72
Acer,Ultrabook,8,1.6,0,1,157.3505121,0,256,47099.52
Acer,Notebook,4,2.2,0,0,141.2119981,0,256,30476.16
HP,Notebook,8,2.05,0,0,100.4546699,1000,0,31861.44
HP,Notebook,8,1.63,0,0,157.3505121,0,256,52640.64
Lenovo,Notebook,4,1.9,0,0,100.4546699,1000,0,13445.7408
Asus,Gaming,8,3.0,0,0,127.3356746,1000,128,49976.64
Lenovo,Notebook,4,2.2,0,0,141.2119981,1000,0,26586.72
HP,Notebook,4,1.32,0,1,165.6321181,0,256,37242.72
Acer,Notebook,4,3.0,0,1,127.3356746,1000,0,34898.4
Lenovo,Notebook,8,1.75,0,1,157.3505121,0,256,59461.5456
Lenovo,Gaming,8,2.4,0,1,141.2119981,0,256,46300.32
Toshiba,Notebook,4,2.1,0,0,100.4546699,500,0,32074.56
HP,Notebook,4,1.86,0,0,100.4546699,0,256,19660.32
Asus,Ultrabook,8,1.25,0,0,157.3505121,0,256,58554.72
HP,Ultrabook,8,0.97,1,1,352.4651472,0,512,107305.92
Asus,Notebook,4,2.0,0,0,141.2119981,1000,0,18328.32
MSI,Gaming,16,2.9,0,0,127.3356746,1000,256,108105.12
Acer,Notebook,4,2.1,0,0,100.4546699,1000,0,23816.16
Dell,Gaming,16,2.56,0,0,141.2119981,0,512,66560.5728
Dell,Gaming,8,2.62,0,0,141.2119981,0,0,47898.72
Lenovo,Notebook,4,1.9,0,0,100.4546699,0,128,26533.44
MSI,Gaming,16,2.8,0,0,127.3356746,1000,256,100699.2
HP,Ultrabook,4,1.48,0,0,157.3505121,0,256,57648.96
HP,Notebook,6,1.91,0,0,141.2119981,0,256,32980.32
Lenovo,2 in 1 Convertible,4,1.74,1,1,157.3505121,0,256,33513.12
Asus,2 in 1 Convertible,8,1.1,1,0,165.6321181,0,256,70063.2
Dell,2 in 1 Convertible,8,1.56,1,0,141.2119981,0,256,55890.72
Toshiba,Notebook,4,2.1,0,0,100.4546699,500,0,23816.16
Asus,Notebook,4,2.03,0,0,100.4546699,1000,0,21471.84
Acer,Notebook,4,3.0,0,1,127.3356746,0,256,42890.4
Dell,Notebook,8,2.13,0,0,141.2119981,0,256,38787.84
Lenovo,Gaming,16,2.5,0,1,141.2119981,0,256,57489.12
Acer,Notebook,4,2.1,0,0,100.4546699,1000,0,18541.44
MSI,Gaming,16,2.4,0,1,141.2119981,1000,256,95850.72
Acer,Notebook,4,2.1,0,0,100.4546699,1000,0,19367.8128
Dell,Gaming,8,2.56,0,0,141.2119981,1000,128,56502.9072
Acer,Notebook,8,3.0,0,1,127.3356746,0,256,45501.12
HP,Notebook,4,1.49,0,1,165.6321181,500,0,40173.12
Huawei,Ultrabook,8,1.05,0,1,199.6920706,0,256,71874.72
HP,Notebook,6,2.71,0,1,127.3356746,2000,0,37242.72
Lenovo,Notebook,4,2.2,0,0,100.4546699,500,0,16463.52
Toshiba,Notebook,4,2.0,0,0,100.4546699,500,0,26053.92
HP,Notebook,8,2.5,0,0,127.3356746,0,256,49177.44
Dell,Notebook,8,2.3,0,0,100.4546699,1000,0,24455.52
Acer,Notebook,4,2.1,0,0,100.4546699,0,128,23922.72
MSI,Gaming,32,4.4,0,0,119.7232158,1000,512,149130.72
Lenovo,Notebook,8,1.9,0,0,141.2119981,1000,128,43316.64
HP,2 in 1 Convertible,8,1.29,1,1,331.2642361,0,256,79866.72
Dell,Notebook,16,2.02,0,0,141.2119981,2000,256,55890.72
Dell,Ultrabook,8,1.23,0,0,165.6321181,0,256,74538.72
Lenovo,2 in 1 Convertible,16,1.4,1,1,316.9650604,0,512,98514.72
Toshiba,Notebook,8,2.0,0,0,100.4546699,0,128,42251.04
Xiaomi,Notebook,8,1.95,0,1,141.2119981,0,256,63882.72
Dell,Notebook,16,2.77,1,0,127.3356746,0,512,82530.72
Dell,Notebook,16,2.06,1,0,282.4239962,0,512,127712.16
Lenovo,Gaming,8,2.4,0,1,141.2119981,0,256,41505.12
Acer,Ultrabook,8,1.12,0,1,165.6321181,0,256,52693.92
Dell,Notebook,8,2.8,0,0,127.3356746,1000,128,57808.8
Lenovo,2 in 1 Convertible,16,1.42,1,0,209.8006829,0,1000,150462.72
Vero,Notebook,4,1.3,0,1,157.3505121,0,0,13852.8
Xiaomi,Ultrabook,8,1.3,0,1,165.6321181,0,256,53274.672
Lenovo,Notebook,8,2.8,0,0,106.1130621,0,256,37189.44
Dell,2 in 1 Convertible,8,1.62,1,1,165.6321181,1000,0,44701.92
HP,Notebook,8,2.5,0,1,127.3356746,1000,0,48697.92
Razer,Gaming,32,3.49,1,0,254.6713491,0,1000,324954.72
HP,Notebook,8,1.49,0,0,165.6321181,0,512,51095.52
HP,Gaming,16,3.35,0,1,127.3356746,1000,256,73473.12
HP,Notebook,8,2.5,0,0,127.3356746,0,256,55677.6
Dell,Gaming,16,2.65,0,1,282.4239962,1000,512,98301.6
Lenovo,Notebook,4,2.1,0,0,100.4546699,0,128,26267.04
Acer,Notebook,8,2.23,0,0,141.2119981,1000,0,39533.76
Lenovo,Gaming,16,3.2,0,1,141.2119981,1000,512,93186.72
Dell,Workstation,16,2.8,0,0,282.4239962,1000,256,162770.4
Lenovo,Gaming,16,2.4,0,0,141.2119981,0,512,74485.44
Dell,Notebook,6,2.3,1,0,100.4546699,1000,0,23389.92
Dell,Ultrabook,8,1.21,1,1,331.2642361,0,256,103842.72
Dell,Ultrabook,8,1.2,0,0,165.6321181,0,256,77202.72
Lenovo,Notebook,8,2.2,0,0,100.4546699,0,256,31808.16
Acer,Notebook,8,2.4,0,0,141.2119981,1000,0,41505.12
Asus,Gaming,16,2.9,0,0,127.3356746,1000,256,74964.96
HP,Notebook,4,2.1,0,0,141.2119981,500,0,18594.72
Lenovo,Notebook,8,2.2,0,0,141.2119981,0,256,29250.72
Huawei,Ultrabook,8,1.05,0,1,199.6920706,0,512,79866.72
Dell,Ultrabook,8,1.4,0,1,165.6321181,0,256,49650.5664
Lenovo,Notebook,8,2.8,0,0,106.1130621,1000,0,31381.92
HP,Notebook,8,1.63,0,0,157.3505121,0,256,54931.68
Dell,Ultrabook,8,1.6,0,0,157.3505121,0,256,61218.72
Dell,2 in 1 Convertible,16,1.62,1,0,165.6321181,0,512,68145.12
Dell,Notebook,8,2.2,0,0,141.2119981,0,256,36089.208
Lenovo,2 in 1 Convertible,8,1.74,0,1,157.3505121,0,256,47898.72
Toshiba,Ultrabook,8,1.2,0,0,165.6321181,0,256,72620.64
HP,Notebook,8,2.1,0,0,141.2119981,1000,0,42304.32
Dell,Gaming,16,4.42,0,1,127.3356746,1000,256,130873.7952
Acer,Notebook,8,2.2,0,0,141.2119981,0,256,44328.96
Dell,Notebook,16,2.3,1,0,141.2119981,1000,0,45768.0528
Asus,Notebook,8,2.0,0,0,141.2119981,0,256,40972.32
Asus,Notebook,8,2.69,0,0,127.3356746,500,256,47472.48
HP,Notebook,8,1.9,0,0,141.2119981,1000,0,67612.32
Asus,Notebook,4,2.37,0,0,100.4546699,1000,0,21258.1872
HP,Notebook,4,2.1,0,0,100.4546699,500,0,17582.4
Lenovo,Gaming,16,3.2,0,1,141.2119981,1000,256,79866.72
Dell,Notebook,8,1.6,0,0,157.3505121,0,256,45767.52
Acer,2 in 1 Convertible,8,1.6,1,1,165.6321181,0,256,36709.92
Dell,Notebook,16,2.36,0,0,141.2119981,0,256,47898.72
Acer,Notebook,4,2.1,0,0,100.4546699,1000,0,20779.2
Asus,Notebook,4,2.2,0,0,141.2119981,1000,128,30636.0
Asus,Gaming,32,4.7,0,0,127.3356746,1000,512,207259.2
Acer,Gaming,8,2.5,0,1,141.2119981,0,256,45074.88
Lenovo,Notebook,8,2.2,0,0,100.4546699,0,128,31381.92
Asus,Notebook,8,2.1,0,0,127.3356746,1000,128,61005.6
Asus,Notebook,8,2.69,0,0,127.3356746,1000,128,47365.92
Dell,Gaming,8,2.56,0,0,141.2119981,0,256,46833.12
Lenovo,2 in 1 Convertible,8,1.38,1,1,158.4825302,0,256,57489.12
Dell,Notebook,8,2.2,0,0,141.2119981,2000,128,52480.8
HP,Notebook,8,2.04,1,0,100.4546699,1000,0,29783.52
Asus,Gaming,16,3.6,0,0,127.3356746,0,256,159786.72
HP,Notebook,4,1.49,0,1,165.6321181,500,0,35964.0
Apple,Ultrabook,8,1.37,0,1,226.9830047,0,512,108691.2
Dell,2 in 1 Convertible,8,2.08,1,1,141.2119981,1000,0,43636.32
Asus,Gaming,16,4.3,0,0,127.3356746,1000,256,95850.72
Asus,Notebook,4,1.68,0,0,100.4546699,1000,0,24988.32
Lenovo,2 in 1 Convertible,8,1.37,1,1,158.4825302,0,512,98514.72
Acer,Notebook,4,3.0,0,1,127.3356746,0,256,37402.56
Dell,Ultrabook,8,1.41,0,0,165.6321181,0,256,50562.72
HP,Notebook,8,1.91,0,0,100.4546699,0,128,23757.552
HP,Notebook,16,2.9,0,1,127.3356746,1000,0,56423.52
MSI,Gaming,16,4.14,0,0,127.3356746,1000,512,133146.72
Lenovo,2 in 1 Convertible,8,2.0,1,1,141.2119981,0,512,90522.72
Dell,Notebook,8,2.8,0,0,127.3356746,1000,128,60845.76
Lenovo,Notebook,4,2.2,0,0,141.2119981,0,256,23656.32
HP,Notebook,4,2.1,0,1,141.2119981,500,0,38468.16
Dell,Notebook,4,2.18,0,0,141.2119981,1000,0,35004.96
Dell,Notebook,8,2.24,0,0,141.2119981,1000,0,30103.2
Dell,2 in 1 Convertible,8,2.67,1,0,141.2119981,0,256,42570.72
Asus,2 in 1 Convertible,8,1.1,1,0,165.6321181,0,1024,79866.72
Lenovo,Notebook,4,2.2,0,0,141.2119981,1000,0,24881.76
HP,Notebook,8,2.5,0,0,127.3356746,1000,0,54239.04
Lenovo,Notebook,8,2.05,0,0,141.2119981,0,256,46886.4
Apple,Ultrabook,8,1.37,0,1,226.9830047,0,512,104370.192
Asus,Gaming,16,3.2,0,0,127.3356746,1000,256,82530.72
Dell,Notebook,8,2.14,0,0,141.2119981,0,256,39164.5296
Lenovo,2 in 1 Convertible,16,1.36,1,0,209.8006829,0,512,133146.72
Toshiba,Notebook,8,2.2,0,0,100.4546699,500,0,43263.36
Dell,Notebook,12,2.3,0,0,100.4546699,1000,0,37992.3696
Dell,Notebook,8,2.8,0,0,127.3356746,1000,128,58554.72
Acer,Notebook,8,2.2,0,1,141.2119981,1000,0,39693.6
Lenovo,Notebook,4,2.8,0,0,106.1130621,1000,0,26053.92
Lenovo,Notebook,8,2.8,0,0,127.3356746,2000,0,45234.72
Lenovo,Notebook,6,2.8,0,0,106.1130621,1000,128,45767.52
Dell,Notebook,4,2.25,0,0,141.2119981,1000,0,22803.84
Lenovo,Gaming,8,2.5,0,1,141.2119981,0,256,44169.12
Lenovo,Notebook,6,2.2,0,0,141.2119981,0,256,30849.12
Acer,Notebook,8,3.0,0,1,141.2119981,0,256,50669.28
Acer,Notebook,12,2.15,1,1,141.2119981,1000,0,35111.52
Lenovo,Notebook,8,1.95,0,1,141.2119981,0,256,58448.16
Asus,Ultrabook,8,1.7,0,0,141.2119981,0,256,52054.56
Lenovo,Gaming,16,2.5,0,1,141.2119981,1000,256,62817.12
Lenovo,Notebook,8,2.2,0,0,141.2119981,1000,0,35112.0528
Acer,Notebook,2,2.19,0,0,100.4546699,0,16,10602.72
Asus,Gaming,8,3.0,0,0,127.3356746,1000,0,63243.36
HP,Notebook,8,2.54,0,0,106.1130621,1000,0,26053.92
Dell,Notebook,8,2.0,0,0,141.2119981,0,256,97449.12
Lenovo,Notebook,8,2.05,0,0,141.2119981,0,256,39373.92
Lenovo,Gaming,8,3.2,0,1,141.2119981,1000,0,69210.72
Acer,Notebook,8,2.5,0,0,141.2119981,0,256,52161.12
Dell,Workstation,16,3.42,0,0,127.3356746,0,256,153705.3408
Lenovo,Notebook,6,2.4,0,0,141.2119981,1000,0,26586.72
Asus,Ultrabook,16,1.63,0,0,141.2119981,0,512,78215.04
Asus,Notebook,4,1.3,0,0,111.9352036,0,128,27119.52
Asus,Gaming,16,2.9,0,0,127.3356746,1000,256,113060.16
Lenovo,Notebook,6,2.8,0,0,106.1130621,1000,0,34578.72
Lenovo,Notebook,8,2.2,0,0,100.4546699,2000,0,29250.72
Asus,Gaming,8,2.5,0,0,141.2119981,1000,128,67399.2
Lenovo,Notebook,4,2.2,0,0,100.4546699,1000,0,19180.2672
HP,2 in 1 Convertible,16,1.28,1,0,165.6321181,0,256,105228.0
Toshiba,Notebook,8,2.2,0,1,141.2119981,0,256,55571.04
Lenovo,Notebook,8,2.3,0,0,141.2119981,1000,128,43636.32
HP,Notebook,4,1.86,0,0,141.2119981,1000,0,24988.32
Lenovo,Notebook,8,1.1,0,1,165.6321181,0,256,53226.72
Dell,Ultrabook,16,1.21,1,1,331.2642361,0,1000,133146.72
MSI,Gaming,16,2.8,0,1,141.2119981,1000,256,111834.72
Acer,Notebook,8,2.23,0,0,141.2119981,0,256,24988.32
Asus,2 in 1 Convertible,2,1.1,1,0,135.0942112,0,0,14652.0
Dell,Notebook,8,2.33,0,0,141.2119981,1000,128,44968.32
HP,2 in 1 Convertible,16,1.29,1,1,331.2642361,0,1000,130482.72
Lenovo,Notebook,4,1.45,0,0,117.8265301,0,0,24503.472
HP,Notebook,8,1.95,0,0,157.3505121,0,256,52214.4
Acer,Notebook,4,1.4,0,0,135.0942112,0,0,25840.8
HP,Notebook,8,1.48,0,0,157.3505121,0,256,68837.76
Lenovo,Notebook,4,2.79,0,0,106.1130621,1000,0,31381.92
Asus,Notebook,8,2.0,0,0,157.3505121,0,256,58288.32
HP,Notebook,8,2.1,0,1,100.4546699,1000,0,48058.56
Acer,Notebook,8,2.2,0,0,100.4546699,0,256,35111.52
Lenovo,Notebook,4,1.44,0,0,111.9352036,0,0,15557.76
Acer,Notebook,6,2.23,0,0,100.4546699,1000,0,29250.72
Asus,Ultrabook,8,1.7,0,0,141.2119981,0,256,55938.672
HP,Ultrabook,8,1.26,0,0,176.2325736,0,256,71128.8
Dell,Notebook,32,2.06,1,0,282.4239962,0,1000,140605.92
MSI,Gaming,8,2.7,0,0,127.3356746,1000,256,63882.72
Toshiba,Notebook,8,2.0,0,1,141.2119981,0,256,50243.04
Asus,Notebook,8,2.0,0,0,157.3505121,1000,256,71075.52
Lenovo,Notebook,4,1.85,0,0,141.2119981,1000,0,23922.72
Asus,Gaming,8,2.5,0,0,141.2119981,0,256,53226.72
HP,Notebook,8,1.48,0,0,157.3505121,0,256,67559.04
Dell,Ultrabook,8,1.9,0,1,141.2119981,1000,128,55890.72
HP,Notebook,8,1.84,0,0,141.2119981,0,256,60952.32
Asus,Notebook,4,2.0,0,0,100.4546699,1000,0,14651.4672
Dell,Notebook,8,2.0,0,0,141.2119981,0,256,60885.72
Dell,Notebook,4,2.2,0,0,100.4546699,500,0,14646.672
Lenovo,Notebook,12,2.2,0,0,141.2119981,2000,0,47898.72
HP,Notebook,8,2.1,0,1,141.2119981,1000,0,38148.48
Lenovo,2 in 1 Convertible,16,1.4,1,1,316.9650604,0,512,111834.72
Dell,Ultrabook,8,1.2,0,0,165.6321181,0,256,84129.12
Lenovo,Gaming,16,2.4,0,1,141.2119981,2000,256,60153.12
HP,Notebook,2,1.44,0,0,111.9352036,0,0,14865.12
Dell,Ultrabook,16,1.88,0,0,141.2119981,0,768,85672.1088
Asus,2 in 1 Convertible,4,1.5,1,0,135.0942112,0,0,19980.0
Dell,Ultrabook,8,1.9,0,0,141.2119981,1000,0,35324.64
Dell,Notebook,16,2.06,1,0,282.4239962,0,512,108020.9376
HP,Notebook,8,1.84,0,0,141.2119981,0,256,69477.12
MSI,Gaming,8,2.7,0,0,127.3356746,1000,128,75071.52
HP,Workstation,8,2.6,0,0,141.2119981,0,256,92615.0256
Toshiba,Notebook,16,2.4,0,1,141.2119981,0,512,74751.84
Dell,Notebook,8,2.02,0,0,141.2119981,2000,128,51729.552
Lenovo,Notebook,4,2.2,0,0,100.4546699,1000,0,17155.6272
Dell,Gaming,8,2.65,0,0,141.2119981,1000,0,53226.72
Dell,Notebook,8,2.36,1,0,100.4546699,2000,0,29696.6736
Dell,Notebook,8,1.36,0,0,157.3505121,0,256,76030.56
HP,Notebook,4,1.86,0,0,100.4546699,500,0,23389.92
Asus,Notebook,8,2.0,0,0,157.3505121,0,256,50349.6
Lenovo,Notebook,6,2.8,0,0,106.1130621,1000,128,38308.32
HP,Notebook,8,1.86,0,0,141.2119981,1000,0,34045.92
Lenovo,Notebook,8,2.2,0,0,100.4546699,0,256,26586.72
HP,Notebook,8,2.04,0,0,100.4546699,2000,0,20725.92
Dell,Notebook,8,2.8,0,0,127.3356746,1000,128,57808.8
Lenovo,Gaming,8,2.4,0,1,141.2119981,1000,128,43103.52
Dell,Notebook,8,2.33,0,0,141.2119981,0,256,47898.72
HP,Ultrabook,8,1.36,0,1,157.3505121,0,256,93240.0
Asus,2 in 1 Convertible,12,2.26,1,0,141.2119981,2000,512,58554.72
Acer,Notebook,4,2.1,0,0,100.4546699,0,128,22697.28
Asus,Gaming,16,3.25,0,1,127.3356746,1000,256,117162.72
Lenovo,Notebook,4,2.6,0,0,106.1130621,0,128,26053.92
Dell,2 in 1 Convertible,8,1.62,1,0,165.6321181,0,256,46300.8528
HP,Notebook,4,1.91,0,0,141.2119981,0,256,26053.3872
Lenovo,Netbook,4,1.59,0,1,135.0942112,0,128,29463.84
Dell,Notebook,4,1.8,0,0,100.4546699,500,0,16463.52
Asus,Notebook,4,1.5,0,0,111.9352036,0,0,15238.08
Acer,Notebook,8,2.4,0,0,141.2119981,1000,0,45074.88
HP,Gaming,8,3.35,0,1,127.3356746,1000,128,63456.48
Lenovo,Notebook,4,1.85,0,0,141.2119981,0,128,21498.48
Asus,Gaming,8,2.3,0,1,141.2119981,1000,128,88178.4
Lenovo,Notebook,8,1.5,0,1,157.3505121,0,256,58554.72
Asus,Ultrabook,16,1.1,1,0,165.6321181,0,512,93181.392
Lenovo,Ultrabook,8,1.13,0,1,209.8006829,0,512,121584.96
Lenovo,Notebook,4,1.5,0,1,165.6321181,0,128,29250.72
Dell,Workstation,8,2.23,0,0,141.2119981,500,0,72940.32
Dell,Workstation,8,2.0,0,1,141.2119981,0,256,113752.8
Lenovo,2 in 1 Convertible,16,1.42,1,0,209.8006829,0,512,133679.52
Asus,Gaming,8,3.0,0,0,127.3356746,1000,0,55357.92
Asus,Gaming,16,3.0,0,0,127.3356746,1000,256,84768.48
Acer,Notebook,12,2.2,0,1,100.4546699,1000,0,36975.7872
MSI,Gaming,8,2.7,0,0,127.3356746,0,256,71874.72
Dell,Notebook,8,2.33,0,0,141.2119981,0,256,41498.1936
HP,Ultrabook,4,1.91,0,0,141.2119981,0,256,26586.72
Lenovo,Notebook,8,2.1,0,1,141.2119981,0,256,65510.9568
Lenovo,Notebook,8,1.9,0,1,157.3505121,0,256,49976.64
Dell,Workstation,8,1.78,1,0,282.4239962,0,256,144495.36
Lenovo,Ultrabook,16,1.13,0,1,209.8006829,0,1000,139860.0
Lenovo,Notebook,4,2.2,0,0,100.4546699,1000,0,16303.68
Asus,Gaming,16,2.9,0,0,127.3356746,1000,256,81465.12
Lenovo,Notebook,8,2.1,0,1,141.2119981,1000,256,60978.96
Acer,Notebook,8,2.5,0,0,141.2119981,0,256,46833.12
MSI,Gaming,16,2.8,0,0,127.3356746,1000,256,119826.72
Asus,Ultrabook,8,1.1,0,0,157.3505121,0,512,99793.44
Toshiba,Ultrabook,16,1.2,0,0,165.6321181,0,512,93080.16
Dell,Ultrabook,8,1.36,0,0,157.3505121,0,512,89510.4
Lenovo,Notebook,4,2.2,0,0,141.2119981,500,0,21791.52
Lenovo,Notebook,2,1.15,0,0,135.0942112,0,0,16221.096
Lenovo,Workstation,8,2.67,0,0,141.2119981,0,512,102564.0
Lenovo,Ultrabook,8,1.7,0,1,209.8006829,0,512,103523.04
HP,Notebook,4,2.1,0,0,141.2119981,1000,0,24988.32
Acer,2 in 1 Convertible,8,1.6,1,1,165.6321181,0,256,42038.4528
Asus,2 in 1 Convertible,8,1.27,1,1,165.6321181,0,256,49443.84
Dell,Notebook,4,2.3,0,0,141.2119981,0,256,31909.392
Dell,Notebook,4,1.65,0,0,117.8265301,0,128,36709.92
HP,Ultrabook,8,1.43,0,0,157.3505121,0,256,79920.0
Dell,Notebook,8,2.14,0,0,100.4546699,1000,0,28768.536
Lenovo,Ultrabook,8,1.75,0,1,157.3505121,0,256,64755.4464
Lenovo,2 in 1 Convertible,16,2.0,1,1,282.4239962,0,512,101178.72
Chuwi,Notebook,6,1.4,0,1,267.338436,0,0,23922.72
HP,Notebook,8,2.31,0,0,141.2119981,0,256,76030.56
Asus,Notebook,8,2.3,0,0,141.2119981,1000,0,31808.16
Dell,Gaming,16,4.42,0,1,169.7808994,1000,256,149130.72
Dell,Gaming,8,2.62,0,1,141.2119981,1000,128,61751.52
Dell,Notebook,8,2.02,0,0,141.2119981,2000,256,60867.072
Dell,Ultrabook,8,1.6,0,0,157.3505121,0,256,58554.72
HP,Gaming,12,3.35,0,0,127.3356746,1000,256,106506.72
Mediacom,2 in 1 Convertible,4,1.16,1,1,189.9057905,0,32,15930.72
Samsung,Netbook,4,1.15,0,0,135.0942112,0,0,14332.32
Lenovo,Notebook,8,1.4,0,1,165.6321181,0,256,53812.8
Lenovo,Notebook,4,1.7,0,1,157.3505121,0,128,31914.72
Lenovo,Workstation,16,2.3,0,1,282.4239962,0,512,130269.6
Lenovo,Notebook,16,2.5,0,0,141.2119981,0,512,130482.72
Asus,Gaming,8,3.2,0,0,127.3356746,1000,256,90309.6
HP,Notebook,4,2.1,0,0,100.4546699,500,0,18488.16
Google,Ultrabook,16,1.1,1,0,234.5074,0,512,117162.72
Lenovo,Ultrabook,24,1.32,0,0,209.8006829,0,512,126912.96
Asus,Notebook,4,2.0,0,0,141.2119981,0,256,29783.52
Lenovo,Notebook,8,2.8,0,0,106.1130621,1000,0,27652.32
Dell,Notebook,4,2.2,0,0,141.2119981,0,256,39906.72
Lenovo,Ultrabook,8,1.36,0,1,176.2325736,0,256,76137.12
Lenovo,Notebook,4,2.2,0,0,141.2119981,0,128,18594.72
HP,Gaming,8,2.2,0,1,141.2119981,1000,128,58554.72
Dell,Notebook,8,1.64,0,0,157.3505121,0,256,62817.12
Acer,Notebook,4,2.4,0,0,100.4546699,500,0,23539.104
Dell,Workstation,8,2.23,0,0,141.2119981,1000,0,106187.04
MSI,Gaming,8,2.2,0,0,141.2119981,0,256,54757.9872
Microsoft,Ultrabook,16,1.25,1,0,200.8425599,0,512,137941.92
HP,Notebook,8,1.91,0,0,100.4546699,0,128,31381.92
Dell,Workstation,16,2.17,0,1,141.2119981,0,256,105228.0
HP,Workstation,8,2.31,0,1,141.2119981,0,512,81731.52
Lenovo,Notebook,8,1.65,0,0,157.3505121,0,256,71661.6
Dell,Notebook,8,2.36,0,0,141.2119981,1000,128,52161.12
Dell,2 in 1 Convertible,4,1.47,1,0,135.0942112,500,0,25521.12
Dell,Notebook,8,4.42,0,1,127.3356746,1000,0,109010.88
Microsoft,Ultrabook,4,1.252,1,0,200.8425599,0,128,52693.92
Microsoft,Ultrabook,8,1.25,1,0,200.8425599,0,256,95850.72
HP,Notebook,8,2.5,0,0,106.1130621,0,256,34093.872
Acer,Notebook,4,2.23,0,0,141.2119981,1000,0,28984.32
Acer,Netbook,4,1.4,0,0,135.0942112,0,128,23176.8
Asus,Notebook,8,2.37,0,0,141.2119981,1000,0,39906.72
Lenovo,Notebook,8,1.5,0,1,157.3505121,0,512,42570.72
Lenovo,Notebook,8,2.67,0,0,141.2119981,0,256,111355.2
Asus,Notebook,4,2.0,0,0,100.4546699,500,0,16197.12
Acer,Notebook,4,2.2,0,0,100.4546699,500,0,24988.32
Dell,Notebook,8,2.02,0,0,141.2119981,2000,0,40439.52
HP,Gaming,12,3.78,0,1,127.3356746,1000,0,90522.72
Lenovo,Ultrabook,12,1.4,0,1,209.8006829,0,256,98994.24
HP,2 in 1 Convertible,8,1.29,1,1,331.2642361,0,512,106506.72
HP,Notebook,8,1.9,0,0,141.2119981,500,0,61485.12
Google,Ultrabook,8,1.1,1,0,234.5074,0,128,67932.0
Dell,Ultrabook,8,1.42,1,0,165.6321181,0,256,98133.768
Asus,Notebook,12,2.06,0,1,282.4239962,1000,128,69210.72
Dell,Notebook,8,1.79,0,0,111.9352036,0,128,39427.2
Dell,Workstation,8,1.78,0,0,141.2119981,0,256,128298.24
Lenovo,Notebook,8,1.7,0,0,157.3505121,0,180,72673.92
Dell,Notebook,8,2.2,0,0,141.2119981,1000,0,35964.0
Toshiba,Notebook,8,1.05,0,1,165.6321181,0,256,89084.16
Dell,Notebook,8,2.16,0,1,141.2119981,0,512,67239.36
Dell,Notebook,4,2.18,0,0,100.4546699,1000,0,31254.048
HP,Notebook,4,1.49,0,1,165.6321181,0,128,38681.28
Chuwi,Notebook,4,1.89,0,0,141.2119981,0,0,13261.392
Lenovo,Notebook,4,2.3,0,0,100.4546699,0,128,30103.2
Lenovo,Notebook,8,1.75,0,1,157.3505121,0,256,55890.72
Dell,Workstation,16,2.17,0,1,141.2119981,0,512,124568.64
Dell,Notebook,16,2.06,0,0,141.2119981,0,512,101178.72
Lenovo,Ultrabook,16,1.36,0,1,176.2325736,0,512,95797.44
Asus,Ultrabook,16,0.91,0,0,176.2325736,0,512,103896.0
Lenovo,Notebook,8,2.3,0,1,141.2119981,0,256,53918.8272
Toshiba,Ultrabook,32,1.05,1,0,165.6321181,0,512,149130.72
Asus,Gaming,8,1.99,0,0,141.2119981,1000,128,71928.0
Acer,Notebook,8,2.2,0,0,100.4546699,1000,0,30849.12
Asus,Gaming,24,4.33,1,1,127.3356746,1000,256,67612.32
Lenovo,Ultrabook,8,1.3,0,1,125.367428,0,180,58554.72
Lenovo,Notebook,8,2.17,0,0,141.2119981,0,256,47893.392
HP,Notebook,8,1.48,0,0,157.3505121,0,1000,93186.72
Lenovo,Notebook,8,1.4,0,1,165.6321181,0,256,50562.72
Lenovo,Notebook,8,2.3,0,1,141.2119981,0,256,48538.08
Asus,Netbook,4,1.2,0,0,135.0942112,0,0,18115.2
HP,Notebook,8,1.91,0,0,100.4546699,0,256,32979.7872
Lenovo,2 in 1 Convertible,8,1.4,1,1,158.4825302,0,256,85194.72
Lenovo,Notebook,4,2.1,0,0,111.9352036,500,0,15930.72
Lenovo,Netbook,4,1.25,0,0,135.0942112,0,16,14119.2
Lenovo,Notebook,8,1.44,0,0,165.6321181,0,256,50562.72
Asus,Notebook,8,2.0,0,0,141.2119981,1000,256,65214.72
Acer,Notebook,4,2.2,0,1,141.2119981,1000,0,32660.64
HP,Ultrabook,8,1.34,0,1,165.6321181,0,512,70489.44
Lenovo,Gaming,8,2.4,0,1,141.2119981,1000,256,61218.72
Dell,Ultrabook,8,1.29,1,1,165.6321181,0,128,47898.72
Acer,Notebook,4,2.2,0,0,141.2119981,500,0,34045.92
Dell,Notebook,8,2.18,0,0,141.2119981,1000,0,44542.08
Dell,Notebook,16,2.2,0,0,141.2119981,2000,256,64961.1072
Xiaomi,Notebook,16,1.95,0,1,141.2119981,0,256,74589.336
Asus,Netbook,2,1.1,0,0,135.0942112,0,0,13053.6
HP,Notebook,4,2.04,1,0,100.4546699,1000,0,27783.9216
Asus,Gaming,24,2.24,0,0,141.2119981,0,512,158135.04
HP,Notebook,8,2.04,0,0,141.2119981,0,256,47365.92
Asus,Gaming,16,3.0,0,0,127.3356746,1000,256,80133.12
Lenovo,Gaming,8,3.2,0,1,141.2119981,1000,256,74538.72
HP,Ultrabook,8,1.32,0,1,165.6321181,0,256,74538.72
Dell,Notebook,8,1.64,0,0,157.3505121,0,256,68184.0144
HP,Notebook,4,1.63,0,0,100.4546699,0,128,36709.92
Dell,Notebook,8,2.8,0,1,127.3356746,1000,128,47365.92
Lenovo,Notebook,8,2.02,0,0,157.3505121,0,256,71395.2
Lenovo,Notebook,4,2.2,0,0,141.2119981,1000,0,42570.72
Lenovo,Notebook,8,2.2,0,0,100.4546699,2000,0,24455.52
Dell,Notebook,4,2.3,0,0,141.2119981,500,0,31168.8
Dell,Notebook,8,1.9,0,0,141.2119981,0,256,73366.56
Dell,Gaming,16,4.42,0,1,127.3356746,1000,128,160520.3856
Toshiba,Notebook,8,2.0,0,1,141.2119981,500,0,45820.8
Asus,Notebook,8,2.0,0,1,282.4239962,1000,256,69210.72
Mediacom,Notebook,4,1.2,0,1,165.6321181,0,32,19660.32
Asus,Gaming,8,2.3,0,1,141.2119981,1000,128,87858.72
Dell,Notebook,8,1.93,0,0,141.2119981,0,256,72940.32
Dell,Notebook,8,2.2,0,0,141.2119981,0,256,42486.0048
HP,Notebook,4,1.86,0,0,141.2119981,0,256,21258.1872
HP,Gaming,12,2.62,0,0,127.3356746,1000,0,95850.72
Lenovo,Notebook,8,1.87,0,1,157.3505121,0,256,45767.52
Dell,Ultrabook,8,1.2,1,0,276.0535301,0,256,74538.72
Dell,Notebook,4,1.6,0,0,157.3505121,0,128,39207.1536
HP,Ultrabook,8,1.34,0,1,276.0535301,0,256,61005.6
Acer,Gaming,8,2.4,0,0,141.2119981,1000,0,42517.44
Asus,Notebook,4,2.0,0,0,100.4546699,500,0,18594.72
HP,Notebook,4,2.1,0,0,141.2119981,0,128,37589.04
Lenovo,Notebook,4,1.87,0,0,157.3505121,500,0,41824.8
Lenovo,Notebook,4,2.15,0,0,141.2119981,1000,0,24634.008
HP,Notebook,4,1.86,0,0,141.2119981,500,0,21152.16
Lenovo,Notebook,8,1.99,0,1,141.2119981,0,512,92121.12
Lenovo,Notebook,4,2.2,0,0,141.2119981,0,128,26586.72
Dell,Notebook,8,1.9,0,0,141.2119981,0,256,59513.2272
Dell,Gaming,16,4.42,0,1,127.3356746,1000,256,143802.72
HP,Notebook,8,2.65,0,0,106.1130621,1000,0,28992.312
HP,Notebook,8,2.63,0,0,127.3356746,1000,0,68198.4
Asus,Notebook,4,2.0,0,0,100.4546699,500,0,11934.72
Mediacom,Notebook,4,1.35,0,1,165.6321181,0,0,13586.4
Lenovo,Notebook,6,2.8,0,0,106.1130621,1000,128,50562.72
HP,Notebook,6,1.91,0,1,141.2119981,0,128,30310.992
Dell,Notebook,4,2.18,0,0,100.4546699,1000,0,32921.712
Acer,2 in 1 Convertible,4,1.25,1,1,189.9057905,0,0,18594.72
Lenovo,Notebook,4,2.05,0,0,141.2119981,0,128,33566.4
HP,Ultrabook,16,1.16,1,1,276.0535301,0,512,104695.2
Lenovo,Notebook,8,3.4,0,1,127.3356746,0,256,159786.72
Asus,Notebook,8,2.5,0,0,141.2119981,1000,128,44701.92
Dell,Ultrabook,8,1.21,1,1,331.2642361,0,128,85194.72
Dell,Notebook,4,1.93,0,0,100.4546699,500,0,51095.52
Fujitsu,Notebook,8,2.2,0,0,100.4546699,1000,0,39373.92
Lenovo,Notebook,4,2.2,0,0,141.2119981,500,0,18328.32
Lenovo,Notebook,4,2.02,0,0,111.9352036,500,0,52747.2
HP,Workstation,8,3.14,0,0,106.1130621,500,0,99153.5472
HP,Notebook,8,1.94,0,0,111.9352036,2000,0,20725.92
HP,Notebook,6,1.95,0,1,141.2119981,0,256,34578.72
Lenovo,Notebook,8,2.3,0,0,141.2119981,0,256,44222.4
Lenovo,Notebook,4,2.05,0,0,141.2119981,500,0,36496.8
Mediacom,Notebook,4,1.4,0,0,157.3505121,0,32,13266.72
Toshiba,Ultrabook,16,1.24,1,0,157.3505121,0,512,99367.2
Lenovo,Gaming,32,4.6,0,1,127.3356746,1000,256,141884.64
MSI,Gaming,16,4.14,0,0,127.3356746,1000,512,145401.12
Dell,Notebook,8,2.2,0,0,141.2119981,0,256,39907.2528
Mediacom,Notebook,4,1.45,0,1,157.3505121,0,32,20725.92
Dell,Notebook,8,1.9,0,0,100.4546699,500,0,53733.9456
HP,Notebook,4,1.49,0,0,165.6321181,0,128,38308.32
Dell,Notebook,16,1.93,0,0,141.2119981,0,256,81912.1392
Dell,Netbook,4,1.26,0,0,135.0942112,0,0,15717.6
MSI,Gaming,16,4.5,0,0,127.3356746,1000,128,125154.72
HP,Gaming,16,3.78,0,1,127.3356746,1000,256,79813.44
Lenovo,Ultrabook,12,1.4,0,1,157.3505121,0,256,89137.44
Lenovo,Notebook,12,2.2,1,0,100.4546699,1000,0,32447.52
Asus,Gaming,8,2.73,0,1,127.3356746,1000,128,94305.6
Asus,2 in 1 Convertible,8,2.2,1,0,100.4546699,1000,0,39373.92
Lenovo,Notebook,12,2.2,0,0,141.2119981,0,512,50562.72
Dell,2 in 1 Convertible,4,1.39,1,0,135.0942112,0,128,32127.84
Samsung,Notebook,16,2.5,0,0,141.2119981,1000,128,90522.72
Lenovo,Notebook,4,2.8,0,0,127.3356746,500,0,28185.12
Lenovo,Notebook,8,2.29,0,0,100.4546699,1000,0,24455.52
Lenovo,2 in 1 Convertible,8,1.37,1,1,165.6321181,0,512,107892.0
Lenovo,Notebook,8,1.7,0,1,157.3505121,0,256,78534.72
Dell,2 in 1 Convertible,8,1.34,1,0,176.2325736,0,256,88977.6
Dell,Workstation,8,2.06,1,0,141.2119981,0,256,93932.64
HP,Notebook,8,1.84,0,0,141.2119981,0,256,64948.32
HP,Notebook,4,2.1,0,0,100.4546699,500,0,35616.6144
Acer,Notebook,4,1.6,0,0,157.3505121,0,0,17529.12
MSI,Gaming,16,4.14,0,0,127.3356746,1000,128,117162.72
Dell,Notebook,4,2.18,0,0,100.4546699,1000,0,24775.2
MSI,Gaming,16,1.8,0,0,282.4239962,2000,256,122490.72
Toshiba,Notebook,8,2.2,0,1,141.2119981,0,256,74538.72
Lenovo,Notebook,6,2.4,0,0,141.2119981,1000,0,30049.92
Lenovo,2 in 1 Convertible,8,2.0,1,1,141.2119981,0,256,69210.72
Acer,Notebook,4,1.6,0,0,111.9352036,0,0,18594.72
Lenovo,Notebook,32,2.5,0,1,282.4239962,0,1000,261018.72
Dell,Gaming,16,2.59,0,0,141.2119981,1000,0,46833.6528
Dell,Notebook,4,2.18,0,0,100.4546699,1000,0,23650.992
Dell,Notebook,4,2.25,0,0,100.4546699,1000,0,19127.52
Dell,Notebook,4,1.93,0,0,100.4546699,500,0,46300.32
Asus,Gaming,8,3.0,0,0,127.3356746,1000,128,62231.04
Dell,Notebook,4,2.18,0,0,141.2119981,0,128,30316.32
HP,Ultrabook,8,1.84,0,0,141.2119981,0,512,74005.92
MSI,Gaming,16,2.94,0,0,141.2119981,1000,256,120831.5808
Acer,2 in 1 Convertible,4,1.25,1,1,135.0942112,0,0,20193.12
HP,Notebook,8,2.31,0,0,111.9352036,0,256,59886.72
Lenovo,Notebook,8,1.65,0,0,157.3505121,0,256,78055.2
Dell,Notebook,4,2.2,0,0,141.2119981,1000,0,41345.28
Fujitsu,Notebook,8,2.2,0,0,100.4546699,0,256,42570.72
HP,Notebook,4,1.88,0,0,100.4546699,500,0,49656.96
Lenovo,Notebook,8,2.2,0,0,141.2119981,1000,0,47898.72
Mediacom,Notebook,2,1.4,0,0,157.3505121,0,0,12733.92
Lenovo,Notebook,4,2.2,0,0,141.2119981,0,128,24935.04
Asus,2 in 1 Convertible,6,1.5,1,0,165.6321181,1000,0,34046.4528
Dell,Notebook,8,2.0,0,0,141.2119981,0,256,96969.6
Asus,Ultrabook,16,1.1,0,0,157.3505121,0,512,101232.0
Dell,Gaming,16,2.62,0,0,141.2119981,1000,256,78801.12
Lenovo,Notebook,4,1.8,0,0,141.2119981,0,256,44169.12
Lenovo,Notebook,4,2.2,0,0,141.2119981,1000,0,30849.12
Asus,Notebook,8,2.0,0,0,100.4546699,1000,0,21258.72
Asus,Notebook,8,1.99,0,0,141.2119981,1000,0,48304.7136
Dell,Ultrabook,8,1.23,1,0,276.0535301,0,256,99580.32
Lenovo,Notebook,2,1.42,0,0,111.9352036,0,0,13266.72
Lenovo,2 in 1 Convertible,8,1.37,1,1,165.6321181,0,256,93635.3376
Dell,Notebook,16,2.06,1,0,282.4239962,0,1000,127818.72
Lenovo,Gaming,8,2.5,0,1,141.2119981,1000,128,59087.52
HP,Notebook,8,2.6,0,0,107.9856456,1000,0,27753.552
Lenovo,Ultrabook,16,1.14,0,1,157.3505121,0,512,130536.0
Asus,Gaming,8,2.5,0,1,141.2119981,1000,0,62284.32
Acer,Notebook,4,2.4,0,0,100.4546699,500,0,23976.0
Lenovo,Notebook,4,1.43,0,0,111.9352036,0,0,14598.72
Acer,Ultrabook,8,1.8,0,1,157.3505121,0,256,48964.32
Razer,Gaming,16,1.95,0,0,157.3505121,0,256,138474.72
Toshiba,Notebook,8,1.2,0,0,165.6321181,0,256,64628.64
Lenovo,Ultrabook,8,1.36,0,1,176.2325736,0,256,84395.52
Asus,Gaming,32,3.8,0,1,127.3356746,0,512,149130.72
Acer,Gaming,8,2.4,0,0,141.2119981,1000,0,37775.52
Dell,Ultrabook,8,1.2,0,0,165.6321181,0,256,77250.672
MSI,Gaming,8,2.2,0,0,141.2119981,1000,128,63499.104
HP,Notebook,4,1.86,0,0,100.4546699,500,0,19441.872
Toshiba,Notebook,8,2.0,0,1,141.2119981,500,0,56689.92
Dell,Notebook,8,2.2,0,0,141.2119981,0,256,48964.32
Dell,Notebook,16,2.2,0,0,141.2119981,2000,256,60472.8
Lenovo,Gaming,8,3.31,0,1,141.2119981,1000,128,63722.88
Dell,Gaming,32,4.42,0,1,254.6713491,1000,512,167691.8736
Dell,Notebook,8,1.56,0,0,157.3505121,0,256,65481.12
Lenovo,Notebook,4,2.2,0,0,100.4546699,500,0,22324.32
Lenovo,Notebook,4,2.2,0,0,141.2119981,500,0,28504.8
HP,Notebook,6,2.04,0,0,141.2119981,1000,0,28717.92
MSI,Gaming,8,2.7,0,0,127.3356746,1000,128,79215.1056
Toshiba,Notebook,4,2.1,0,0,100.4546699,0,128,26533.44
Dell,Notebook,8,2.06,0,0,141.2119981,1000,0,50882.4
HP,Notebook,8,2.1,0,0,141.2119981,1000,0,39693.6
Toshiba,Notebook,8,2.0,0,1,141.2119981,0,256,67026.24
Acer,Notebook,4,2.1,0,0,100.4546699,0,128,21951.36
Microsoft,Ultrabook,8,1.252,1,0,200.8425599,0,256,99519.048
Lenovo,Notebook,8,1.9,0,0,141.2119981,1000,128,43580.376
Lenovo,2 in 1 Convertible,8,1.3,1,1,165.6321181,0,256,55091.52
Lenovo,Notebook,4,2.2,0,0,100.4546699,0,128,18594.72
HP,2 in 1 Convertible,4,1.63,1,1,157.3505121,0,128,37242.72
MSI,Gaming,16,2.4,0,0,141.2119981,1000,256,68944.32
Asus,Ultrabook,8,1.1,0,0,157.3505121,0,256,60472.8
HP,2 in 1 Convertible,8,1.4,1,0,135.0942112,0,0,26373.6
LG,Ultrabook,8,1.09,0,1,141.2119981,0,512,122490.72
Acer,Gaming,16,2.5,0,0,141.2119981,0,256,69210.72
MSI,Gaming,8,2.2,0,0,141.2119981,0,256,53168.112
Asus,Notebook,4,1.86,0,0,100.4546699,0,128,22324.32
Dell,Gaming,16,3.21,0,0,141.2119981,1000,128,109277.28
HP,Notebook,4,2.5,0,1,127.3356746,0,256,37242.72
Lenovo,2 in 1 Convertible,8,1.19,1,1,165.6321181,0,512,79866.72
Dell,Gaming,16,3.49,0,0,141.2119981,1000,256,149916.6
HP,Notebook,4,1.86,0,0,100.4546699,500,0,32639.8608
Dell,Notebook,4,2.2,0,0,100.4546699,1000,0,29073.2976
HP,Notebook,6,2.65,0,1,127.3356746,2000,0,30316.32
Lenovo,Notebook,4,2.1,0,0,100.4546699,500,0,16943.04
Acer,Notebook,4,1.45,0,0,111.9352036,0,0,19980.0
Lenovo,Notebook,4,1.7,0,0,157.3505121,0,256,37242.72
HP,Workstation,8,3.14,0,0,127.3356746,500,0,101657.7072
Lenovo,2 in 1 Convertible,8,1.42,1,0,209.8006829,0,256,137995.2
Toshiba,Notebook,8,1.5,0,1,165.6321181,0,256,51841.44
Acer,Netbook,4,1.4,0,0,135.0942112,0,0,14332.32
Lenovo,2 in 1 Convertible,16,1.38,1,0,157.3505121,0,512,93186.72
Asus,2 in 1 Convertible,4,1.2,1,0,176.2325736,0,0,35644.32
Toshiba,Ultrabook,16,1.36,1,0,165.6321181,0,512,100006.56
HP,Notebook,4,2.1,0,1,141.2119981,500,0,36709.92
Dell,Gaming,8,2.56,0,0,141.2119981,1000,0,43636.32
Lenovo,Notebook,4,2.2,0,0,141.2119981,0,256,21258.72
Lenovo,Notebook,8,2.2,0,0,100.4546699,1000,0,22857.12
Lenovo,Notebook,4,2.1,0,0,141.2119981,2000,0,33110.856
Lenovo,Notebook,4,1.9,0,0,100.4546699,500,0,23976.0
Dell,Notebook,8,2.18,0,0,141.2119981,0,256,42357.6
Acer,2 in 1 Convertible,8,1.6,1,1,165.6321181,0,256,53226.72
Lenovo,Workstation,16,2.18,0,0,141.2119981,0,512,98834.4
Lenovo,Notebook,8,1.8,0,0,157.3505121,0,256,63456.48
HP,Notebook,6,2.71,0,1,127.3356746,2000,0,34898.9328
Lenovo,Gaming,8,2.5,0,1,141.2119981,1000,128,66546.72
Dell,Notebook,8,1.64,0,0,157.3505121,0,256,58021.92
Dell,Notebook,8,1.98,0,0,141.2119981,1000,0,38681.28
Asus,Notebook,4,1.5,0,0,157.3505121,0,0,15877.44
Dell,Notebook,16,1.93,0,0,141.2119981,0,512,76012.4448
Lenovo,Notebook,8,1.87,0,1,157.3505121,0,256,45664.6896
Dell,Notebook,8,1.9,0,0,141.2119981,0,256,62817.12
Lenovo,Notebook,4,2.19,0,0,100.4546699,500,0,15877.44
Mediacom,Notebook,4,1.4,0,1,161.7253908,32,0,14119.2
HP,Notebook,8,2.63,0,0,127.3356746,0,256,63936.0
Lenovo,Ultrabook,8,1.17,0,1,209.8006829,0,512,89864.1792
HP,2 in 1 Convertible,8,1.58,1,1,117.8265301,0,256,44574.048
Lenovo,Ultrabook,8,1.32,0,1,157.3505121,0,256,79866.72
Dell,Gaming,32,4.36,0,0,254.6713491,1000,1000,194972.832
MSI,Gaming,8,2.7,0,0,127.3356746,1000,128,71847.0144
Lenovo,Notebook,4,1.9,0,0,100.4546699,1000,0,26101.872
Dell,Notebook,8,2.2,0,0,141.2119981,1000,128,38308.32
Dell,2 in 1 Convertible,4,1.71,1,0,165.6321181,1000,0,34578.72
Dell,Notebook,8,2.32,0,0,100.4546699,1000,0,31409.6256
HP,Notebook,4,2.1,0,0,141.2119981,1000,0,26053.92
Acer,Gaming,16,4.2,0,1,127.3356746,1000,128,103096.8
Dell,Notebook,12,2.25,0,0,100.4546699,1000,0,34578.72
HP,Notebook,6,2.1,0,0,141.2119981,1000,128,34632.0
Acer,Notebook,4,2.4,0,0,100.4546699,500,0,29783.52
Lenovo,Notebook,8,1.44,0,1,165.6321181,0,256,51148.8
Lenovo,Notebook,4,1.85,0,0,141.2119981,1000,0,41505.12
HP,Workstation,16,2.6,0,0,141.2119981,0,256,128884.32
Dell,2 in 1 Convertible,8,1.55,1,0,165.6321181,1000,0,35111.52
MSI,Gaming,16,1.8,0,0,141.2119981,1000,256,111593.8944
Acer,Notebook,4,2.4,0,0,100.4546699,500,0,21887.424
Dell,Notebook,8,2.0,0,0,141.2119981,1000,128,64308.96
Dell,Notebook,8,2.0,0,0,100.4546699,0,256,35431.2
Toshiba,Notebook,8,1.25,1,1,157.3505121,0,256,81784.8
Lenovo,2 in 1 Convertible,8,1.7,1,0,157.3505121,0,256,53226.72
Lenovo,Workstation,16,2.5,0,1,282.4239962,0,1000,175770.72
Acer,Notebook,2,1.68,0,0,111.9352036,0,0,17582.4
Samsung,Ultrabook,16,0.81,0,0,165.6321181,0,256,87858.72
HP,Notebook,8,1.86,0,0,141.2119981,0,256,28717.92
Dell,Notebook,8,1.6,0,0,111.9352036,0,256,60031.1088
HP,Workstation,16,3.0,0,1,127.3356746,0,256,233845.92
Lenovo,Netbook,4,1.4,1,0,135.0942112,0,128,25308.0
HP,Notebook,8,1.84,0,0,141.2119981,0,256,101232.0
Asus,Notebook,4,2.45,0,0,100.4546699,1000,0,30849.12
Lenovo,Ultrabook,4,1.7,0,0,157.3505121,0,180,58394.88
Asus,Notebook,4,2.37,0,0,100.4546699,0,256,45282.672
Lenovo,2 in 1 Convertible,8,1.3,1,1,276.0535301,0,256,63882.72
HP,Notebook,8,2.2,0,1,141.2119981,1000,128,58554.72
HP,Workstation,8,2.59,0,0,141.2119981,0,256,83170.08
Dell,Gaming,16,4.42,0,1,282.4239962,1000,256,152859.7872
Acer,Notebook,4,2.1,0,0,100.4546699,0,256,31914.72
Lenovo,Gaming,8,2.5,0,1,141.2119981,1000,128,55837.44
Dell,Ultrabook,16,1.18,0,0,176.2325736,0,256,99047.52
Google,Ultrabook,8,1.1,1,0,234.5074,0,256,83063.52
Asus,Ultrabook,8,1.2,0,1,276.0535301,0,256,60153.12
Dell,Notebook,4,1.65,0,0,117.8265301,500,0,45234.72
Acer,Notebook,4,1.6,0,0,117.8265301,0,128,34898.4
Asus,Notebook,4,2.8,0,0,90.58340172,1000,0,25059.7152
Dell,Gaming,16,2.72,1,1,282.4239962,1000,128,58554.72
Samsung,Ultrabook,8,1.31,1,0,165.6321181,0,256,85194.72
Acer,Notebook,4,2.1,0,0,100.4546699,1000,0,15877.44
Dell,Notebook,16,2.3,0,0,141.2119981,0,256,62938.0656
Samsung,2 in 1 Convertible,16,1.71,1,0,146.860478,0,256,95850.72
Toshiba,Notebook,4,1.75,0,1,111.9352036,0,128,54345.6
Dell,Gaming,8,2.62,0,0,141.2119981,1000,0,58554.72
HP,Ultrabook,4,1.26,0,0,125.367428,0,256,66280.32
Asus,2 in 1 Convertible,12,2.3,1,0,141.2119981,2000,0,44701.92
Lenovo,Notebook,16,2.5,0,0,282.4239962,0,512,126273.6
Acer,Notebook,4,1.8,0,1,157.3505121,0,128,33886.08
Razer,Gaming,16,1.95,0,0,157.3505121,0,512,154458.72
Asus,Notebook,8,2.0,0,0,141.2119981,0,128,31003.632
Dell,Gaming,32,4.42,0,1,127.3356746,1000,1000,191211.264
Asus,Gaming,16,4.3,0,1,127.3356746,1000,256,125208.0
Toshiba,Ultrabook,16,1.47,0,1,157.3505121,0,512,93985.92
Lenovo,Notebook,8,2.2,0,0,100.4546699,1000,0,17529.12
Lenovo,Ultrabook,16,1.7,0,0,157.3505121,0,512,122490.72
MSI,Gaming,16,1.6,0,1,157.3505121,1000,256,100752.48
MSI,Gaming,8,2.2,0,0,141.2119981,1000,128,58021.92
Lenovo,Gaming,4,2.4,0,1,141.2119981,1000,0,53226.72
Acer,Gaming,16,4.2,0,1,127.3356746,1000,256,122490.72
Dell,Gaming,8,2.62,0,0,141.2119981,0,256,52480.8
Asus,Gaming,8,2.24,0,0,141.2119981,1000,128,71341.92
Vero,Notebook,4,1.22,0,0,157.3505121,0,0,10810.512
Lenovo,2 in 1 Convertible,8,1.37,1,1,165.6321181,0,512,104961.6
Lenovo,2 in 1 Convertible,8,2.08,1,0,141.2119981,0,256,51095.52
Apple,Ultrabook,8,0.92,0,1,226.4155472,0,0,62071.2
Lenovo,2 in 1 Convertible,8,1.42,1,1,209.8006829,0,256,124142.4
Asus,Notebook,4,1.63,0,0,111.9352036,0,0,15930.72
Dell,Notebook,8,1.95,0,0,100.4546699,0,128,43156.8
Lenovo,2 in 1 Convertible,8,1.38,1,1,158.4825302,0,256,71874.72
Dell,Notebook,8,2.0,0,0,141.2119981,0,256,39373.92
HP,Workstation,8,3.14,0,0,141.2119981,0,256,110017.872
Asus,Notebook,8,2.37,0,0,141.2119981,0,256,58554.72
Dell,Ultrabook,8,1.29,0,0,165.6321181,0,256,79866.72
Dell,Notebook,8,2.06,1,0,282.4239962,0,256,93186.72
Dell,Netbook,4,1.63,0,0,135.0942112,0,128,39640.32
HP,Netbook,8,1.26,0,0,125.367428,0,256,74005.92
Toshiba,Notebook,4,2.1,0,0,100.4546699,500,0,41558.4
HP,Notebook,8,2.04,0,0,100.4546699,2000,0,33513.12
Dell,Gaming,16,2.62,0,0,282.4239962,0,512,89457.12
Lenovo,Notebook,4,2.4,0,0,141.2119981,1000,0,32447.52
HP,Gaming,12,3.74,0,1,127.3356746,1000,0,93186.72
MSI,Gaming,16,2.9,0,0,127.3356746,1000,512,128671.2
Samsung,Ultrabook,8,0.81,0,0,165.6321181,0,256,79866.72
Dell,Notebook,8,1.98,0,0,141.2119981,1000,0,51202.08
Dell,Notebook,8,2.18,0,0,141.2119981,0,256,42081.0768
Lenovo,Ultrabook,8,1.32,0,0,157.3505121,0,256,99047.52
Razer,Ultrabook,16,1.29,1,1,352.4651472,0,512,95850.72
HP,Netbook,4,1.23,0,0,135.0942112,0,0,20512.8
Dell,Gaming,16,4.36,0,1,127.3356746,1000,128,133467.4656
Dell,Notebook,4,1.76,0,0,111.9352036,500,0,40226.4
Lenovo,Notebook,4,2.1,0,0,100.4546699,500,0,26101.872
Toshiba,Ultrabook,4,1.25,0,0,111.9352036,0,128,58075.2
Lenovo,Ultrabook,8,1.13,0,1,157.3505121,0,512,133146.72
MSI,Gaming,8,2.4,0,0,141.2119981,0,256,63882.72
Lenovo,Ultrabook,8,1.13,0,1,157.3505121,0,0,99900.0
Toshiba,Notebook,4,1.75,0,0,111.9352036,0,128,26586.72
Asus,2 in 1 Convertible,8,1.1,1,0,165.6321181,0,256,72354.24
Dell,Notebook,4,1.76,0,0,111.9352036,500,0,31168.8
Acer,Netbook,4,1.35,0,1,135.0942112,0,0,18914.4
Acer,Notebook,8,1.5,0,1,157.3505121,0,128,32980.32
Razer,Gaming,32,3.49,1,0,254.6713491,0,512,292986.72
Lenovo,Ultrabook,16,1.1,0,1,209.8006829,0,512,111834.72
Asus,Notebook,4,2.1,0,0,141.2119981,1000,0,27652.32
Lenovo,Notebook,8,1.7,0,0,157.3505121,0,256,63190.08
Lenovo,Notebook,8,1.32,0,1,157.3505121,0,256,87912.0
Dell,Gaming,16,3.21,0,0,141.2119981,1000,256,147832.2864
Asus,Gaming,16,2.9,0,0,127.3356746,1000,256,128884.32
Toshiba,Notebook,4,2.0,0,0,100.4546699,500,0,35644.32
Lenovo,Notebook,4,1.5,0,0,111.9352036,0,0,17316.0
Asus,Notebook,8,2.3,0,0,141.2119981,128,0,31435.2
Asus,Gaming,16,2.73,0,0,127.3356746,1000,512,95850.72
Dell,Gaming,32,4.42,0,1,127.3356746,1000,512,163723.5792
HP,Notebook,8,2.63,0,0,106.1130621,1000,0,48484.8
Dell,Notebook,8,2.18,0,0,100.4546699,0,128,38041.3872
HP,Ultrabook,8,1.54,0,0,157.3505121,0,512,99633.6
Dell,Notebook,4,2.18,0,0,141.2119981,0,256,39373.92
HP,2 in 1 Convertible,4,1.4,1,0,135.0942112,0,0,32767.2
Asus,Ultrabook,8,1.45,0,1,165.6321181,0,512,54665.28
HP,2 in 1 Convertible,8,1.28,1,0,165.6321181,0,256,121318.56
HP,Ultrabook,8,1.54,0,0,157.3505121,0,512,78215.04
HP,Notebook,4,1.86,0,0,100.4546699,0,128,15930.72
Asus,Gaming,16,2.1,0,0,141.2119981,1000,128,101178.72
Dell,Notebook,8,2.83,0,0,127.3356746,1000,0,46087.2
Lenovo,Ultrabook,8,1.96,0,1,157.3505121,0,256,101391.84
Asus,Notebook,8,2.3,0,1,141.2119981,0,256,41931.36
Dell,Notebook,8,1.9,0,0,141.2119981,0,128,50349.6
Asus,Notebook,4,2.0,0,0,100.4546699,1000,0,23922.72
HP,2 in 1 Convertible,8,1.28,1,0,165.6321181,0,256,136343.52
Dell,Notebook,8,1.62,1,0,165.6321181,1000,0,34578.72
Lenovo,Notebook,4,2.2,0,0,141.2119981,1000,0,24988.32
Lenovo,Notebook,8,2.3,0,1,141.2119981,1000,0,45323.1648
HP,Notebook,8,1.84,0,0,141.2119981,0,256,71874.72
Toshiba,Notebook,4,1.05,0,0,165.6321181,0,128,68464.8
Lenovo,Gaming,8,2.5,0,1,141.2119981,1000,0,54185.76
Dell,Ultrabook,16,1.29,1,0,276.0535301,0,512,119347.2
HP,Notebook,4,2.07,0,0,141.2119981,500,0,48484.8
Toshiba,Ultrabook,8,1.2,0,0,117.8265301,0,256,58341.6
Lenovo,2 in 1 Convertible,8,1.37,1,1,165.6321181,0,256,103896.0
Acer,Notebook,8,1.56,0,1,157.3505121,0,256,48058.56
Dell,Workstation,8,2.23,0,0,141.2119981,1000,0,94731.84
Lenovo,Notebook,4,2.38,0,0,100.4546699,500,0,56210.4
Lenovo,Notebook,4,2.2,0,0,141.2119981,1000,0,25521.12
Toshiba,Notebook,8,2.0,0,1,141.2119981,0,256,73952.64
Lenovo,Notebook,4,1.44,0,1,165.6321181,0,180,39160.8
Samsung,Ultrabook,16,1.23,0,0,146.860478,0,256,98514.72
Dell,Ultrabook,8,1.6,0,0,176.2325736,0,256,90043.2
Asus,Notebook,4,2.0,0,0,100.4546699,1000,0,21258.1872
Xiaomi,Ultrabook,8,1.28,0,1,165.6321181,0,256,49816.8
Dell,Notebook,4,2.18,0,0,141.2119981,1000,128,48618.0
HP,Notebook,4,2.04,0,0,141.2119981,0,256,44701.92
HP,2 in 1 Convertible,4,1.28,1,0,165.6321181,0,256,90576.0
HP,2 in 1 Convertible,4,2.3,1,0,100.4546699,500,0,36486.144
Asus,Notebook,4,1.65,0,0,111.1413369,0,0,18541.44
Lenovo,Notebook,8,2.2,0,1,141.2119981,1000,0,35644.32
Dell,Notebook,4,2.2,0,0,100.4546699,500,0,19660.32
HP,2 in 1 Convertible,4,1.28,1,0,165.6321181,0,256,95850.72
Dell,Notebook,4,2.18,0,0,100.4546699,1000,0,24279.696
Asus,Gaming,12,2.2,0,0,127.3356746,1000,128,72988.272
Acer,Netbook,4,1.25,0,1,135.0942112,0,0,15824.16
Lenovo,Notebook,4,2.8,0,0,106.1130621,500,0,20193.12
HP,Notebook,4,1.95,0,0,157.3505121,0,128,67399.2
HP,2 in 1 Convertible,16,1.42,1,0,276.0535301,0,256,74538.72
Samsung,Ultrabook,8,1.17,0,0,146.860478,0,256,90522.72
Lenovo,Ultrabook,8,1.32,0,1,157.3505121,0,256,95850.72
MSI,Gaming,16,2.43,0,1,254.6713491,2000,512,141138.72
Toshiba,Notebook,8,1.05,0,0,165.6321181,0,256,78588.0
Dell,Gaming,8,2.62,0,0,141.2119981,1000,0,49497.12
HP,Notebook,8,2.04,0,0,141.2119981,1000,0,47952.0
Dell,Notebook,4,2.18,0,0,100.4546699,1000,0,32713.92
Dell,Notebook,8,1.9,0,0,141.2119981,500,0,49816.8
Dell,2 in 1 Convertible,8,1.24,1,0,276.0535301,0,512,107257.968
Asus,Gaming,32,3.58,0,1,127.3356746,0,512,68145.12
Dell,2 in 1 Convertible,16,1.22,1,0,165.6321181,0,256,87858.72
Lenovo,Ultrabook,8,1.13,0,1,157.3505121,0,0,109170.72
Lenovo,Notebook,8,1.95,0,1,141.2119981,0,512,104588.1072
LG,Ultrabook,16,1.08,1,1,141.2119981,0,512,111834.72
HP,Netbook,8,1.26,0,0,176.2325736,0,512,79014.24
Acer,Notebook,4,2.2,0,1,141.2119981,0,0,19127.52
Lenovo,Notebook,8,2.6,0,1,141.2119981,1000,128,42037.92
LG,Ultrabook,8,0.98,1,1,157.3505121,0,512,101178.72
Dell,Notebook,8,1.6,0,0,157.3505121,0,256,64202.4
HP,Ultrabook,8,1.09,1,0,352.4651472,0,240,165168.0
Lenovo,Notebook,6,2.2,0,0,141.2119981,0,256,42037.92
HP,Notebook,8,2.04,0,0,141.2119981,0,256,54291.7872
Acer,Notebook,4,2.4,0,0,141.2119981,1000,0,26586.72
Lenovo,Notebook,4,1.44,0,0,165.6321181,0,128,46939.68
HP,Notebook,8,1.49,0,0,165.6321181,0,256,51148.8
MSI,Gaming,16,2.7,0,0,127.3356746,1000,256,85194.72
Dell,Gaming,16,2.6,0,0,141.2119981,1000,128,71874.72
MSI,Gaming,8,2.2,0,0,141.2119981,1000,128,59668.8048
Dell,Notebook,4,2.18,0,0,100.4546699,1000,0,36496.2672
HP,Ultrabook,8,1.84,0,0,141.2119981,0,256,69103.6272
HP,Ultrabook,8,1.39,1,0,276.0535301,0,256,61218.72
Toshiba,Notebook,16,2.4,0,1,141.2119981,0,256,105228.0
Lenovo,2 in 1 Convertible,8,1.37,1,1,165.6321181,0,512,97236.0
Dell,Notebook,4,1.95,0,0,100.4546699,500,0,38889.072
Lenovo,Ultrabook,8,1.36,0,1,176.2325736,0,256,87912.0
HP,Notebook,8,2.31,0,0,141.2119981,0,256,62071.2
Dell,Notebook,4,2.18,0,0,100.4546699,1000,0,37725.4368
HP,Notebook,4,1.95,0,0,111.9352036,500,0,61218.72
Lenovo,Notebook,4,2.2,0,0,100.4546699,1000,0,16463.52
HP,Ultrabook,4,1.26,0,0,176.2325736,500,0,84129.12
HP,Notebook,4,1.86,0,0,100.4546699,1000,0,15392.592
Lenovo,2 in 1 Convertible,16,1.3,1,1,276.0535301,0,1000,95850.72
Toshiba,Notebook,4,1.47,0,1,157.3505121,0,128,58874.4
HP,Netbook,8,1.26,0,0,176.2325736,0,256,88924.32
Dell,Notebook,4,2.18,0,0,100.4546699,1000,0,29762.208
MSI,Gaming,8,2.2,0,0,141.2119981,1000,128,63882.72
Dell,Ultrabook,8,1.36,0,0,157.3505121,0,256,87325.92
Dell,Gaming,16,4.36,0,0,169.7808994,1000,512,146946.24
HP,Gaming,8,2.75,0,1,127.3356746,1000,128,74538.72
Asus,Notebook,4,2.8,0,0,106.1130621,1000,0,28238.4
Acer,Notebook,4,2.23,0,0,100.4546699,500,0,32980.32
Toshiba,Notebook,8,2.2,0,0,100.4546699,0,256,59620.32
Lenovo,2 in 1 Convertible,8,1.1,1,1,194.9475372,0,256,69210.72
Lenovo,Gaming,16,2.5,0,1,141.2119981,1000,512,53226.72
Dell,Ultrabook,8,1.36,1,0,176.2325736,0,256,78438.816
Lenovo,Notebook,8,2.2,0,0,141.2119981,1000,0,36496.8
Dell,Notebook,4,2.36,0,0,106.1130621,1000,0,35111.52
Acer,Notebook,4,1.68,0,0,111.9352036,0,0,18594.72
HP,Workstation,8,2.0,0,1,141.2119981,0,8,119826.72
Dell,Ultrabook,8,1.36,0,0,157.3505121,0,256,94572.0
Toshiba,Notebook,8,1.2,0,0,165.6321181,0,256,77788.8
Asus,2 in 1 Convertible,8,1.2,0,0,176.2325736,0,0,61751.52
Lenovo,Ultrabook,8,1.7,0,1,157.3505121,0,256,79333.3872
Dell,Gaming,16,4.36,0,1,254.6713491,1000,512,168045.12
Dell,2 in 1 Convertible,8,1.24,1,0,165.6321181,0,256,101178.72
HP,2 in 1 Convertible,4,1.45,1,0,135.0942112,0,256,41292.0
Dell,Ultrabook,8,1.3,0,0,276.0535301,0,256,67559.04
Acer,2 in 1 Convertible,4,1.25,1,1,135.0942112,0,0,20725.92
Toshiba,Notebook,8,1.2,0,0,165.6321181,0,256,81784.8
Lenovo,Ultrabook,8,1.36,0,1,176.2325736,0,256,93772.8
Acer,Notebook,12,2.4,0,0,141.2119981,1000,128,53759.52
Toshiba,Ultrabook,8,1.1,1,0,176.2325736,0,512,95371.2
HP,Notebook,8,2.04,0,0,100.4546699,1000,0,45101.52
Dell,Notebook,4,2.25,0,0,100.4546699,1000,0,24808.2336
Dell,Notebook,4,1.9,0,0,100.4546699,500,0,43956.0
HP,Notebook,4,2.04,0,0,141.2119981,500,0,36496.8
Dell,Gaming,32,4.42,0,1,127.3356746,1000,256,167778.72
Lenovo,Notebook,6,2.4,0,0,141.2119981,0,256,37029.6
Dell,2 in 1 Convertible,16,1.22,1,0,276.0535301,0,512,101178.72
Dell,Ultrabook,8,1.5,1,0,209.8006829,0,256,104587.5744
Dell,Gaming,32,4.42,0,0,127.3356746,1000,256,149184.0
Toshiba,Notebook,8,1.95,0,0,157.3505121,0,256,62870.4
Asus,Gaming,16,2.73,0,0,127.3356746,1000,256,109218.672
HP,Notebook,8,2.04,0,1,141.2119981,1000,128,52161.12
Lenovo,Notebook,4,1.7,0,0,111.9352036,0,0,53386.56
Asus,2 in 1 Convertible,16,2.3,1,0,282.4239962,2000,512,95850.72
HP,Notebook,6,2.04,0,0,100.4546699,1000,0,30849.12
Asus,Gaming,16,2.99,0,0,127.3356746,1000,256,93186.72
Dell,2 in 1 Convertible,12,2.19,1,1,141.2119981,0,512,69210.72
Toshiba,Notebook,4,1.2,0,0,165.6321181,0,128,63669.6
Lenovo,Notebook,6,2.2,0,0,141.2119981,0,256,29250.72
Fujitsu,Notebook,4,2.3,0,0,100.4546699,0,256,34578.72
Toshiba,Notebook,4,1.75,0,0,111.9352036,500,0,48751.2
Dell,Notebook,4,2.25,0,0,100.4546699,500,0,31914.72
HP,Notebook,8,2.04,0,0,141.2119981,1000,0,42943.68
Lenovo,Gaming,8,2.5,0,1,141.2119981,1000,128,63349.92
Dell,Notebook,8,2.36,0,0,100.4546699,1000,0,39906.72
Dell,Notebook,8,1.6,0,0,157.3505121,0,128,59620.32
HP,Netbook,8,0.97,0,0,176.2325736,0,512,101658.24
HP,Notebook,4,2.1,0,0,141.2119981,1000,128,26586.72
Lenovo,Notebook,4,1.9,0,0,100.4546699,0,128,14418.6336
Lenovo,Notebook,8,2.3,0,0,141.2119981,0,256,71874.72
Dell,2 in 1 Convertible,8,1.68,1,0,165.6321181,0,256,47365.92
Asus,Notebook,8,1.4,0,0,276.0535301,0,256,61272.0
HP,Ultrabook,8,1.11,1,1,165.6321181,0,256,71874.72
Acer,Notebook,4,2.4,0,0,100.4546699,500,0,20246.4
Asus,Gaming,16,2.5,0,0,141.2119981,1000,256,95850.72
HP,Ultrabook,8,1.48,0,0,157.3505121,0,512,111301.92
Acer,Gaming,8,2.7,0,1,141.2119981,1000,128,67132.8
HP,Notebook,8,1.34,0,1,165.6321181,0,256,63349.92
Dell,Notebook,4,2.18,0,0,100.4546699,0,128,29144.16
HP,Notebook,4,1.64,0,0,111.9352036,500,0,41505.12
Toshiba,Notebook,4,1.2,0,0,165.6321181,0,128,63669.6
HP,Notebook,4,1.48,0,0,111.9352036,0,256,58607.4672
HP,Notebook,4,1.95,0,0,157.3505121,0,256,64202.4
HP,Ultrabook,8,1.43,0,0,157.3505121,0,256,77202.72
HP,Notebook,8,1.64,0,0,157.3505121,0,256,55904.5728
HP,Notebook,4,1.64,0,0,111.9352036,500,0,36443.52
Dell,Gaming,8,2.65,0,0,141.2119981,0,0,50562.72
HP,Ultrabook,4,1.26,0,0,176.2325736,500,0,81997.92
HP,Notebook,4,1.48,0,0,157.3505121,0,256,84715.2
HP,Ultrabook,8,1.54,0,0,157.3505121,0,256,100550.5488
HP,Notebook,4,1.49,0,0,117.8265301,500,0,42624.0
Toshiba,Notebook,8,1.5,0,0,117.8265301,0,256,64468.8
HP,Notebook,4,2.04,0,0,100.4546699,0,256,41025.0672
Lenovo,Notebook,16,2.4,0,1,254.6713491,0,512,158135.04
Toshiba,Notebook,8,1.47,0,1,157.3505121,0,256,79387.2
HP,Notebook,8,1.43,0,0,157.3505121,0,256,118761.12
Dell,2 in 1 Convertible,4,2.08,1,1,141.2119981,1000,0,42410.3472
Toshiba,Ultrabook,8,1.2,0,0,165.6321181,0,256,84715.2
HP,Notebook,8,1.11,0,1,165.6321181,0,256,61218.72
HP,Notebook,8,1.64,0,0,157.3505121,0,256,63159.7104
Dell,Notebook,8,2.09,0,0,141.2119981,500,0,55754.3232
HP,Ultrabook,4,1.26,0,0,125.367428,0,256,83063.52
HP,Notebook,4,2.31,0,0,111.9352036,500,0,63349.92
HP,Notebook,4,1.95,0,0,111.9352036,500,0,56476.8
Dell,Ultrabook,8,1.29,1,0,276.0535301,0,256,86526.72
HP,Notebook,8,2.63,0,0,127.3356746,0,256,57542.4
HP,Notebook,4,1.64,0,0,111.9352036,0,256,51841.44
Acer,Notebook,6,2.1,0,0,100.4546699,1000,0,21791.52
MSI,Gaming,8,2.7,0,0,127.3356746,1000,128,63499.104
HP,Notebook,8,1.95,0,0,157.3505121,0,256,63669.6
HP,Notebook,8,1.84,0,0,141.2119981,0,256,65480.5872
HP,Ultrabook,8,1.26,0,0,176.2325736,0,256,71874.72
HP,Notebook,4,2.04,0,0,100.4546699,500,0,39533.76
Toshiba,Ultrabook,8,1.47,0,1,157.3505121,0,256,91908.0
Dell,Notebook,8,2.09,0,0,141.2119981,0,256,56633.976
HP,Notebook,8,1.64,0,0,157.3505121,0,256,53839.9728
Lenovo,2 in 1 Convertible,4,1.8,1,1,141.2119981,0,256,45128.16
Vero,Notebook,2,1.45,0,0,111.9352036,0,0,11231.424
Toshiba,Notebook,16,2.4,0,1,141.2119981,0,256,75924.0
Lenovo,Notebook,8,2.3,0,0,141.2119981,0,256,55922.688
HP,Notebook,4,1.54,0,0,157.3505121,500,0,53280.0
HP,Notebook,8,1.84,0,0,141.2119981,500,256,112065.9552
HP,Notebook,8,1.43,0,0,157.3505121,0,256,78268.32
MSI,Gaming,16,3.78,0,1,127.3356746,1000,256,82351.6992
Lenovo,Gaming,16,4.6,0,1,127.3356746,1000,128,122010.6672
Asus,Netbook,4,1.2,0,0,135.0942112,0,0,15339.312
Lenovo,Notebook,16,1.1,0,1,209.8006829,0,256,139593.6
HP,Notebook,8,1.91,0,1,141.2119981,1000,0,52161.12
Dell,2 in 1 Convertible,8,2.3,1,1,141.2119981,0,256,58288.32
HP,Notebook,4,2.04,0,0,100.4546699,0,256,52161.12
Dell,Ultrabook,16,1.2,1,0,276.0535301,0,1000,120093.12
HP,Notebook,4,2.31,0,0,100.4546699,500,0,37570.392
HP,Notebook,4,1.96,0,0,100.4546699,500,0,26586.72
Acer,Notebook,8,2.4,0,0,100.4546699,1000,0,23922.72
Dell,2 in 1 Convertible,12,1.6,1,1,165.6321181,0,256,69210.72
MSI,Gaming,16,2.94,0,0,141.2119981,1000,256,96916.32
HP,Notebook,8,2.04,0,0,141.2119981,0,256,57009.6
Asus,Gaming,16,4.0,0,1,127.3356746,1000,0,53173.44
Dell,Notebook,4,2.25,0,0,141.2119981,1000,0,29783.52
Dell,Notebook,16,2.32,0,0,141.2119981,2000,0,52746.6672
MSI,Gaming,16,1.8,0,0,141.2119981,1000,256,102777.12
Dell,Ultrabook,8,1.29,0,0,165.6321181,0,256,77682.24
Asus,Gaming,64,3.58,0,1,127.3356746,0,1000,211788.0
Dell,2 in 1 Convertible,8,1.62,1,0,165.6321181,0,256,42517.9728
Dell,Gaming,16,3.21,0,0,282.4239962,1000,256,70809.12
Apple,Ultrabook,8,0.92,0,1,226.4155472,0,0,69264.0
Dell,Notebook,4,2.06,0,0,100.4546699,500,0,25679.8944
HP,Notebook,4,2.31,0,0,100.4546699,500,0,63882.72
HP,Ultrabook,8,1.26,0,0,176.2325736,0,256,63882.72
HP,Notebook,8,1.49,0,0,165.6321181,0,256,58075.2
Lenovo,Ultrabook,8,1.3,1,1,176.2325736,0,256,91294.7472
Lenovo,Notebook,8,3.0,0,0,106.1130621,1000,0,35111.52
Lenovo,Notebook,4,2.3,0,1,141.2119981,1000,0,52054.56
MSI,Gaming,16,3.78,0,0,127.3356746,1000,256,133146.72
Lenovo,Notebook,4,2.1,0,0,100.4546699,500,0,28771.2
HP,Notebook,4,2.31,0,0,141.2119981,500,0,50083.2
Lenovo,Ultrabook,8,0.99,1,1,234.9767648,0,512,74538.72
Lenovo,Gaming,32,4.6,0,1,127.3356746,0,512,172627.2
Lenovo,2 in 1 Convertible,4,0.69,1,1,224.1738091,0,0,34433.2656
HP,Ultrabook,16,1.3,0,1,331.2642361,0,512,109170.72
Dell,Notebook,8,2.18,0,0,141.2119981,0,256,39960.0
HP,Notebook,4,1.54,0,0,157.3505121,500,0,54931.1472
HP,Workstation,8,1.9,0,0,141.2119981,0,256,79653.6
Lenovo,Notebook,8,1.7,0,0,157.3505121,0,180,63882.72
HP,Notebook,4,1.29,0,0,276.0535301,0,0,32767.2
Acer,Notebook,4,2.4,0,0,100.4546699,500,0,20619.36
Dell,Notebook,4,2.2,0,0,100.4546699,500,0,20965.1472
HP,Notebook,4,1.86,0,0,100.4546699,1000,0,18434.3472
Asus,Gaming,8,2.7,0,1,127.3356746,1000,256,85194.72
Dell,Ultrabook,4,1.4,0,1,165.6321181,0,256,43601.688
HP,Netbook,4,2.4,0,0,125.367428,0,128,85194.72
Acer,Notebook,8,2.4,0,0,141.2119981,1000,256,42570.72
Dell,Notebook,8,2.36,0,0,141.2119981,1000,0,34035.264
MSI,Gaming,8,2.6,0,0,127.3356746,0,256,85194.72
HP,Notebook,4,1.96,0,0,100.4546699,1000,0,26640.0
Asus,Gaming,16,4.3,0,1,127.3356746,1000,128,122490.72
Dell,Ultrabook,4,1.5,0,0,125.367428,500,0,60480.792
Dell,Ultrabook,4,1.5,0,0,125.367428,0,128,62176.1616
Acer,Notebook,4,2.2,0,0,100.4546699,0,16,11135.52
HP,Workstation,8,3.0,0,1,127.3356746,1000,0,154458.72
Lenovo,Gaming,16,2.4,0,0,141.2119981,0,512,63882.72
Dell,Ultrabook,8,1.5,0,0,125.367428,0,256,75289.968
MSI,Gaming,8,2.9,0,0,127.3356746,1000,128,80516.2032
Lenovo,2 in 1 Convertible,4,2.1,1,1,141.2119981,0,256,46193.76
HP,Notebook,4,2.1,0,0,141.2119981,1000,0,21205.44
Asus,Gaming,16,2.59,0,1,141.2119981,1000,128,71341.92
HP,Notebook,8,1.16,1,0,276.0535301,0,256,90522.72
Dell,Notebook,4,2.24,0,0,100.4546699,500,0,40980.312
Lenovo,Notebook,4,2.1,0,0,100.4546699,0,128,22857.12
HP,Ultrabook,8,1.16,0,0,165.6321181,0,512,104908.32
Lenovo,2 in 1 Convertible,4,0.69,1,1,224.1738091,0,0,29250.72
Dell,Ultrabook,8,1.23,0,0,165.6321181,0,256,73473.12
Lenovo,Gaming,16,4.6,0,1,127.3356746,0,256,146519.4672
Razer,Ultrabook,8,1.25,1,0,352.4651472,0,256,54825.12
Toshiba,Ultrabook,16,1.05,0,0,165.6321181,0,512,118601.28
Asus,Gaming,8,3.52,0,0,127.3356746,1000,128,69929.4672
Vero,Notebook,4,1.35,0,0,165.6321181,0,0,10442.88
HP,Notebook,8,1.16,0,0,165.6321181,0,256,90043.2
HP,Notebook,8,1.43,0,0,157.3505121,0,256,80612.64
Dell,Notebook,4,2.09,0,0,100.4546699,500,0,27899.0064
Asus,Notebook,4,2.0,0,0,100.4546699,1000,0,23176.8
Lenovo,2 in 1 Convertible,8,1.8,1,1,157.3505121,0,256,88924.32
Lenovo,2 in 1 Convertible,4,0.69,1,1,224.1738091,0,0,25521.12
HP,Ultrabook,8,1.26,0,0,125.367428,0,256,100965.6
Lenovo,Gaming,8,2.4,0,1,141.2119981,1000,128,52693.92
HP,Gaming,8,3.35,0,1,127.3356746,1000,128,60153.12
HP,Notebook,8,2.04,0,0,100.4546699,2000,0,33513.12
Lenovo,2 in 1 Convertible,8,1.8,1,1,157.3505121,0,512,109244.2464
Asus,Notebook,4,1.5,0,0,111.9352036,0,0,14811.84
HP,Ultrabook,8,1.84,0,0,141.2119981,0,256,40066.56
Acer,Notebook,4,2.23,0,0,141.2119981,1000,0,32820.48
Lenovo,Notebook,16,2.5,0,0,141.2119981,0,0,58554.72
HP,Workstation,8,3.0,0,1,127.3356746,0,256,210424.032
Dell,Notebook,8,2.5,0,0,100.4546699,1000,0,41771.52
MSI,Gaming,16,3.78,0,0,127.3356746,1000,256,127818.72
HP,Ultrabook,8,1.88,0,0,141.2119981,0,256,115709.2416
Lenovo,2 in 1 Convertible,16,2.8,1,1,209.8006829,0,512,130003.2
MSI,Gaming,8,2.4,0,0,141.2119981,1000,128,60888.384
HP,2 in 1 Convertible,8,1.48,1,0,165.6321181,0,256,86793.12
HP,Workstation,8,2.59,0,1,141.2119981,0,256,118761.12
HP,2 in 1 Convertible,8,1.48,1,0,220.8428241,0,256,95850.72
HP,Workstation,8,2.0,0,0,141.2119981,0,256,101178.72
HP,Ultrabook,8,1.26,0,0,176.2325736,0,256,122381.496
Dell,Notebook,8,2.18,0,0,141.2119981,0,256,53807.472
HP,Notebook,8,1.88,0,0,141.2119981,0,256,84129.12
Lenovo,2 in 1 Convertible,8,1.27,1,1,209.8006829,0,256,124621.92
Lenovo,Notebook,4,1.9,0,0,100.4546699,1000,0,18061.92
HP,Notebook,4,1.86,0,0,100.4546699,500,0,15824.16
Lenovo,Notebook,8,2.32,0,0,141.2119981,1000,0,31914.72
Dell,Gaming,8,2.62,0,0,141.2119981,1000,0,63882.72
Dell,Notebook,8,2.04,1,1,282.4239962,0,256,119916.2304
HP,Notebook,4,1.91,0,0,141.2119981,0,256,25515.2592
MSI,Gaming,16,2.7,0,0,127.3356746,1000,256,79536.384
Lenovo,Ultrabook,12,1.4,0,0,157.3505121,0,512,122490.72
Lenovo,Notebook,8,2.5,0,0,141.2119981,0,0,42010.7472
HP,2 in 1 Convertible,8,1.48,1,0,220.8428241,0,512,108744.48
Lenovo,Ultrabook,8,1.7,0,0,157.3505121,0,256,79866.72
MSI,Gaming,16,1.7,0,0,157.3505121,1000,256,94252.32
HP,Gaming,8,2.62,0,1,141.2119981,1000,0,47898.72
Lenovo,Notebook,8,2.2,0,0,100.4546699,1000,0,24455.52
HP,Notebook,4,2.1,0,0,100.4546699,500,0,25414.0272
Dell,Gaming,8,2.62,0,0,282.4239962,1000,128,79813.44
Lenovo,Notebook,8,1.95,0,1,141.2119981,0,256,74059.2
Lenovo,Notebook,4,2.2,0,0,141.2119981,1000,0,24935.04
HP,Notebook,2,1.44,0,0,111.9352036,0,0,13266.72
MSI,Gaming,8,2.2,0,1,141.2119981,1000,0,44701.92
HP,Notebook,8,1.96,0,0,141.2119981,0,256,36177.12
HP,Notebook,16,2.1,0,0,141.2119981,0,512,61751.52
Asus,Notebook,4,2.2,0,0,100.4546699,500,0,19660.32
Lenovo,Notebook,4,2.1,0,0,100.4546699,500,0,21205.44
Lenovo,Notebook,8,2.2,0,0,141.2119981,1000,0,37775.52
Asus,Notebook,4,2.0,0,0,157.3505121,0,256,40972.32
Lenovo,Notebook,4,2.32,0,0,141.2119981,0,0,43956.0
Lenovo,Gaming,16,3.31,0,1,141.2119981,0,512,69530.4
MSI,Gaming,16,1.91,0,0,141.2119981,1000,128,114731.5536
HP,Notebook,4,2.07,0,0,100.4546699,500,0,34632.0
Lenovo,2 in 1 Convertible,8,1.36,1,1,209.8006829,0,256,87219.36
Lenovo,Ultrabook,6,1.54,0,0,141.2119981,0,256,44275.68
Dell,Notebook,8,1.98,0,0,141.2119981,0,256,47686.1328
Acer,Notebook,4,2.1,0,0,100.4546699,500,0,17742.24
HP,Notebook,6,2.18,0,1,141.2119981,1000,0,42570.72
Asus,Gaming,8,2.591,0,1,141.2119981,1000,256,48431.52
Dell,2 in 1 Convertible,16,2.09,1,0,141.2119981,0,512,62817.12
Acer,Notebook,4,2.23,0,0,141.2119981,0,256,36816.48
Dell,Ultrabook,8,1.23,1,0,276.0535301,0,256,58554.72
Acer,Gaming,16,4.2,0,1,127.3356746,1000,256,138474.72
Lenovo,Gaming,8,2.4,0,1,141.2119981,1000,0,43636.32
HP,Notebook,4,1.86,0,0,100.4546699,500,0,25840.8
Apple,Ultrabook,8,0.92,0,1,226.4155472,0,0,61964.64
Dell,2 in 1 Convertible,8,1.6,1,1,165.6321181,0,256,63882.72
HP,Notebook,12,2.21,0,1,141.2119981,1000,128,70702.56
Lenovo,Notebook,4,1.9,0,0,100.4546699,1000,0,19607.04
Asus,Gaming,16,4.3,0,1,127.3356746,1000,512,114552.0
Acer,Notebook,4,2.1,0,0,100.4546699,1000,0,14492.16
MSI,Gaming,16,2.43,0,0,127.3356746,1000,256,109165.392
Dell,Notebook,4,2.3,0,0,100.4546699,0,128,26586.72
Lenovo,Notebook,8,2.2,0,0,100.4546699,500,0,33513.12
Dell,2 in 1 Convertible,16,2.0,1,0,141.2119981,0,512,68464.8
Dell,Ultrabook,16,1.2,1,0,276.0535301,0,512,142790.4
Asus,Gaming,8,2.2,0,0,141.2119981,1000,0,62284.32
Dell,Notebook,8,2.36,0,0,141.2119981,0,256,47365.92
HP,Notebook,8,1.91,0,0,100.4546699,0,256,30849.12
Lenovo,Notebook,4,2.2,0,0,100.4546699,500,0,15930.72
Acer,Notebook,8,3.3,0,0,106.1130621,1000,0,33513.12
Asus,Gaming,16,2.2,0,0,141.2119981,1000,256,130482.72
Apple,Ultrabook,8,0.92,0,1,226.4155472,0,0,68145.12
Asus,Notebook,16,2.2,0,0,141.2119981,1000,128,93186.72
MSI,Gaming,16,2.43,0,1,127.3356746,1000,256,103842.1872
Dell,2 in 1 Convertible,8,2.191,1,1,141.2119981,0,256,53226.72
Asus,Gaming,16,2.9,0,0,127.3356746,1000,256,103842.72
Acer,Netbook,2,1.3,0,0,135.0942112,0,32,9270.72
Acer,Notebook,4,3.3,0,0,106.1130621,1000,0,31861.44
Lenovo,Notebook,8,2.8,0,0,106.1130621,1000,0,28717.92
Lenovo,Gaming,8,2.6,0,1,141.2119981,1000,128,67772.16
Acer,2 in 1 Convertible,8,1.2,1,1,157.3505121,0,256,61218.72
Lenovo,Notebook,8,2.3,0,1,141.2119981,0,256,81465.12
MSI,Gaming,8,2.2,0,0,141.2119981,1000,128,78647.1408
HP,Notebook,6,2.1,0,0,141.2119981,1000,0,28185.12
Dell,Ultrabook,8,1.26,1,0,176.2325736,0,256,91288.3536
Dell,2 in 1 Convertible,4,2.08,1,0,146.860478,500,0,27119.52
Asus,Notebook,4,2.65,0,0,100.4546699,1000,0,16463.52
Dell,Ultrabook,8,1.29,1,0,276.0535301,0,256,78694.56
Dell,Notebook,4,2.18,0,0,100.4546699,1000,0,27804.7008
Lenovo,Gaming,16,2.6,1,1,141.2119981,1000,128,54825.12
MSI,Gaming,8,2.2,0,0,141.2119981,1000,128,61218.72
Lenovo,Netbook,16,1.3,1,1,176.2325736,0,512,87912.0
Razer,Gaming,16,1.95,0,0,157.3505121,0,1000,186426.72
Dell,Notebook,8,2.3,1,0,100.4546699,1000,0,24988.8528
MSI,Gaming,16,2.7,0,0,127.3356746,1000,256,85141.44
Apple,Ultrabook,4,1.08,0,0,135.0942112,0,0,51095.52
HP,Notebook,4,2.1,0,0,141.2119981,1000,0,25467.84
HP,Ultrabook,8,1.54,0,0,209.8006829,0,256,117119.5632
Dell,Notebook,4,2.24,0,0,100.4546699,500,0,39267.36
MSI,Gaming,8,2.3,0,0,141.2119981,1000,128,62284.32
Lenovo,Notebook,16,1.4,0,1,165.6321181,0,512,79866.72
Lenovo,Notebook,6,2.2,0,0,141.2119981,0,256,31838.5296
Asus,Ultrabook,8,1.45,0,0,165.6321181,0,256,68198.4
Acer,Notebook,4,2.4,0,0,100.4546699,500,0,19276.704
Dell,2 in 1 Convertible,16,2.77,1,0,127.3356746,0,512,95850.72
HP,Notebook,4,1.54,0,0,157.3505121,0,256,58607.4672
Asus,Gaming,16,2.5,0,1,141.2119981,1000,256,85248.0
Dell,Notebook,4,1.6,0,0,111.9352036,500,0,46620.0
Asus,Gaming,16,2.34,0,1,141.2119981,1000,256,123876.0
Lenovo,Notebook,8,2.3,0,1,141.2119981,0,256,30529.44
Dell,2 in 1 Convertible,8,1.24,1,0,276.0535301,0,256,96596.64
Dell,Notebook,4,2.2,0,0,100.4546699,500,0,17262.72
HP,Notebook,4,1.86,0,0,100.4546699,500,0,21258.72
Lenovo,Notebook,6,2.4,0,0,141.2119981,0,128,30316.32
Lenovo,Notebook,8,1.9,0,1,157.3505121,0,256,57116.16
Dell,Notebook,4,2.2,0,0,100.4546699,500,0,23655.7872
Asus,Notebook,4,2.0,0,0,100.4546699,1000,0,18061.92
Asus,Gaming,16,4.0,0,1,127.3356746,1000,128,101232.0
Dell,Notebook,4,2.29,0,0,100.4546699,500,0,26107.2
Lenovo,Notebook,8,2.32,0,0,141.2119981,0,0,47685.6
MSI,Gaming,8,2.4,0,0,141.2119981,1000,128,65481.12
Lenovo,2 in 1 Convertible,4,1.8,1,0,157.3505121,0,128,44382.7728
Asus,Ultrabook,8,1.2,0,1,165.6321181,0,512,38841.12
Dell,Notebook,6,2.3,0,0,100.4546699,1000,0,24455.52
Acer,Notebook,4,2.4,0,0,100.4546699,500,0,15397.92
Dell,Notebook,2,2.2,0,0,100.4546699,500,0,20193.12
Lenovo,Notebook,8,2.6,0,1,141.2119981,1000,0,47898.72
HP,Notebook,6,2.04,0,0,141.2119981,0,0,29303.4672
Dell,Notebook,8,2.3,0,0,100.4546699,1000,0,42943.1472
HP,Netbook,2,1.17,0,0,135.0942112,0,0,11135.52
Asus,Notebook,4,2.2,0,0,100.4546699,500,0,38378.6496
Lenovo,2 in 1 Convertible,4,1.8,1,1,157.3505121,0,128,33992.64
Lenovo,2 in 1 Convertible,16,1.3,1,1,276.0535301,0,512,79866.72
Lenovo,Notebook,2,1.5,0,0,111.9352036,0,0,12201.12
HP,Notebook,6,2.19,0,0,100.4546699,1000,0,40705.92
Asus,Notebook,4,2.2,0,0,100.4546699,500,0,19660.32
Asus,Ultrabook,8,1.2,0,1,165.6321181,0,512,38841.12
Dell,Notebook,6,2.3,0,0,100.4546699,1000,0,24455.52
Acer,Notebook,4,2.4,0,0,100.4546699,500,0,15397.92
Dell,Notebook,2,2.2,0,0,100.4546699,500,0,20193.12
Lenovo,Notebook,8,2.6,0,1,141.2119981,1000,0,47898.72
HP,Notebook,6,2.04,0,0,141.2119981,0,0,29303.4672
Dell,Notebook,8,2.3,0,0,100.4546699,1000,0,42943.1472
HP,Netbook,2,1.17,0,0,135.0942112,0,0,11135.52
Asus,Notebook,4,2.2,0,0,100.4546699,500,0,38378.6496
Lenovo,2 in 1 Convertible,4,1.8,1,1,157.3505121,0,128,33992.64
Lenovo,2 in 1 Convertible,16,1.3,1,1,276.0535301,0,512,79866.72
Lenovo,Notebook,2,1.5,0,0,111.9352036,0,0,12201.12
HP,Notebook,6,2.19,0,0,100.4546699,1000,0,40705.92
Asus,Notebook,4,2.2,0,0,100.4546699,500,0,19660.32
Asus,Ultrabook,8,1.2,0,1,165.6321181,0,512,38841.12
Dell,Notebook,6,2.3,0,0,100.4546699,1000,0,24455.52
Acer,Notebook,4,2.4,0,0,100.4546699,500,0,15397.92
Dell,Notebook,2,2.2,0,0,100.4546699,500,0,20193.12
Lenovo,Notebook,8,2.6,0,1,141.2119981,1000,0,47898.72
HP,Notebook,6,2.04,0,0,141.2119981,0,0,29303.4672
Dell,Notebook,8,2.3,0,0,100.4546699,1000,0,42943.1472
HP,Netbook,2,1.17,0,0,135.0942112,0,0,11135.52
Asus,Notebook,4,2.2,0,0,100.4546699,500,0,38378.6496
Lenovo,2 in 1 Convertible,4,1.8,1,1,157.3505121,0,128,33992.64
Lenovo,2 in 1 Convertible,16,1.3,1,1,276.0535301,0,512,79866.72
Lenovo,Notebook,2,1.5,0,0,111.9352036,0,0,12201.12
HP,Notebook,6,2.19,0,0,100.4546699,1000,0,40705.92
Asus,Notebook,4,2.2,0,0,100.4546699,500,0,19660.32
